2000;-0.014982465;-0.003319228;0.398645477
1999;-0.019388769;0.003481809;0.398173504
1998;-0.022072295;0.009973472;0.397913533
1997;-0.022794601;0.015578948;0.397871656
1996;-0.021491507;0.019800166;0.398048857
1995;-0.018278798;0.022262052;0.398440981
1994;-0.013441938;0.022745858;0.399038837
1993;-0.007410702;0.021208594;0.399828412
1992;-0.000720994;0.017786853;0.400791199
1991;0.006032779;0.012784673;0.40190463
1990;0.012250512;0.006646518;0.40314261
1989;0.017379734;-8.22E-05;0.404476119
1988;0.02096469;-0.006803632;0.405873901
1987;0.022686841;-0.012920521;0.407303195
1986;0.022393167;-0.017889366;0.408730498
1985;0.020109762;-0.021268663;0.410122355
1984;0.016039516;-0.022758145;0.411446144
1983;0.010544089;-0.022225466;0.412670834
1982;0.004111773;-0.019717957;0.413767721
1981;-0.002685892;-0.015458421;0.414711094
1980;-0.009244903;-0.009825336;0.415478842
1979;-0.014982465;-0.003319228;0.416052969
1978;-0.019388769;0.003481809;0.416420018
1977;-0.022072295;0.009973472;0.416571385
1976;-0.022794601;0.015578948;0.416503524
1975;-0.021491507;0.019800166;0.416218024
1974;-0.018278798;0.022262052;0.415721578
1973;-0.013441938;0.022745858;0.415025821
1972;-0.007410702;0.021208594;0.414147061
1971;-0.000720994;0.017786853;0.413105897
1970;0.006032779;0.012784673;0.411926732
1969;0.012250512;0.006646518;0.410637204
1968;0.017379734;-8.22E-05;0.409267539
1967;0.02096469;-0.006803632;0.407849841
1966;0.022686841;-0.012920521;0.40641734
1965;0.022393167;-0.017889366;0.405003611
1964;0.020109762;-0.021268663;0.403641792
1963;0.016039516;-0.022758145;0.402363803
1962;0.010544089;-0.022225466;0.401199599
1961;0.004111773;-0.019717957;0.400176467
1960;-0.002685892;-0.015458421;0.399318388
1959;-0.009244903;-0.009825336;0.398645477
1958;-0.014982465;-0.003319228;0.398173504
1957;-0.019388769;0.003481809;0.397913533
1956;-0.022072295;0.009973472;0.397871656
1955;-0.022794601;0.015578948;0.398048857
1954;-0.021491507;0.019800166;0.398440981
1953;-0.018278798;0.022262052;0.399038837
1952;-0.013441938;0.022745858;0.399828412
1951;-0.007410702;0.021208594;0.400791199
1950;-0.000720994;0.017786853;0.40190463
1949;0.006032779;0.012784673;0.40314261
1948;0.012250512;0.006646518;0.404476119
1947;0.017379734;-8.22E-05;0.405873901
1946;0.02096469;-0.006803632;0.407303195
1945;0.022686841;-0.012920521;0.408730498
1944;0.022393167;-0.017889366;0.410122355
1943;0.020109762;-0.021268663;0.411446144
1942;0.016039516;-0.022758145;0.412670834
1941;0.010544089;-0.022225466;0.413767721
1940;0.004111773;-0.019717957;0.414711094
1939;-0.002685892;-0.015458421;0.415478842
1938;-0.009244903;-0.009825336;0.416052969
1937;-0.014982465;-0.003319228;0.416420018
1936;-0.019388769;0.003481809;0.416571385
1935;-0.022072295;0.009973472;0.416503524
1934;-0.022794601;0.015578948;0.416218024
1933;-0.021491507;0.019800166;0.415721578
1932;-0.018278798;0.022262052;0.415025821
1931;-0.013441938;0.022745858;0.414147061
1930;-0.007410702;0.021208594;0.413105897
1929;-0.000720994;0.017786853;0.411926732
1928;0.006032779;0.012784673;0.410637204
1927;0.012250512;0.006646518;0.409267539
1926;0.017379734;-8.22E-05;0.407849841
1925;0.02096469;-0.006803632;0.40641734
1924;0.022686841;-0.012920521;0.405003611
1923;0.022393167;-0.017889366;0.403641792
1922;0.020109762;-0.021268663;0.402363803
1921;0.016039516;-0.022758145;0.401199599
1920;0.010544089;-0.022225466;0.400176467
1919;0.004111773;-0.019717957;0.399318388
1918;-0.002685892;-0.015458421;0.398645477
1917;-0.009244903;-0.009825336;0.398173504
1916;-0.014982465;-0.003319228;0.397913533
1915;-0.019388769;0.003481809;0.397871656
1914;-0.022072295;0.009973472;0.398048857
1913;-0.022794601;0.015578948;0.398440981
1912;-0.021491507;0.019800166;0.399038837
1911;-0.018278798;0.022262052;0.399828412
1910;-0.013441938;0.022745858;0.400791199
1909;-0.007410702;0.021208594;0.40190463
1908;-0.000720994;0.017786853;0.40314261
1907;0.006032779;0.012784673;0.404476119
1906;0.012250512;0.006646518;0.405873901
1905;0.017379734;-8.22E-05;0.407303195
1904;0.02096469;-0.006803632;0.408730498
1903;0.022686841;-0.012920521;0.410122355
1902;0.022393167;-0.017889366;0.411446144
1901;0.020109762;-0.021268663;0.412670834
1900;0.016039516;-0.022758145;0.413767721
1899;0.010544089;-0.022225466;0.414711094
1898;0.004111773;-0.019717957;0.415478842
1897;-0.002685892;-0.015458421;0.416052969
1896;-0.009244903;-0.009825336;0.416420018
1895;-0.014982465;-0.003319228;0.416571385
1894;-0.019388769;0.003481809;0.416503524
1893;-0.022072295;0.009973472;0.416218024
1892;-0.022794601;0.015578948;0.415721578
1891;-0.021491507;0.019800166;0.415025821
1890;-0.018278798;0.022262052;0.414147061
1889;-0.013441938;0.022745858;0.413105897
1888;-0.007410702;0.021208594;0.411926732
1887;-0.000720994;0.017786853;0.410637204
1886;0.006032779;0.012784673;0.409267539
1885;0.012250512;0.006646518;0.407849841
1884;0.017379734;-8.22E-05;0.40641734
1883;0.02096469;-0.006803632;0.405003611
1882;0.022686841;-0.012920521;0.403641792
1881;0.022393167;-0.017889366;0.402363803
1880;0.020109762;-0.021268663;0.401199599
1879;0.016039516;-0.022758145;0.400176467
1878;0.010544089;-0.022225466;0.399318388
1877;0.004111773;-0.019717957;0.398645477
1876;-0.002685892;-0.015458421;0.398173504
1875;-0.009244903;-0.009825336;0.397913533
1874;-0.014982465;-0.003319228;0.397871656
1873;-0.019388769;0.003481809;0.398048857
1872;-0.022072295;0.009973472;0.398440981
1871;-0.022794601;0.015578948;0.399038837
1870;-0.021491507;0.019800166;0.399828412
1869;-0.018278798;0.022262052;0.400791199
1868;-0.013441938;0.022745858;0.40190463
1867;-0.007410702;0.021208594;0.40314261
1866;-0.000720994;0.017786853;0.404476119
1865;0.006032779;0.012784673;0.405873901
1864;0.012250512;0.006646518;0.407303195
1863;0.017379734;-8.22E-05;0.408730498
1862;0.02096469;-0.006803632;0.410122355
1861;0.022686841;-0.012920521;0.411446144
1860;0.022393167;-0.017889366;0.412670834
1859;0.020109762;-0.021268663;0.413767721
1858;0.016039516;-0.022758145;0.414711094
1857;0.010544089;-0.022225466;0.415478842
1856;0.004111773;-0.019717957;0.416052969
1855;-0.002685892;-0.015458421;0.416420018
1854;-0.009244903;-0.009825336;0.416571385
1853;-0.014982465;-0.003319228;0.416503524
1852;-0.019388769;0.003481809;0.416218024
1851;-0.022072295;0.009973472;0.415721578
1850;-0.022794601;0.015578948;0.415025821
1849;-0.021491507;0.019800166;0.414147061
1848;-0.018278798;0.022262052;0.413105897
1847;-0.013441938;0.022745858;0.411926732
1846;-0.007410702;0.021208594;0.410637204
1845;-0.000720994;0.017786853;0.409267539
1844;0.006032779;0.012784673;0.407849841
1843;0.012250512;0.006646518;0.40641734
1842;0.017379734;-8.22E-05;0.405003611
1841;0.02096469;-0.006803632;0.403641792
1840;0.022686841;-0.012920521;0.402363803
1839;0.022393167;-0.017889366;0.401199599
1838;0.020109762;-0.021268663;0.400176467
1837;0.016039516;-0.022758145;0.399318388
1836;0.010544089;-0.022225466;0.398645477
1835;0.004111773;-0.019717957;0.398173504
1834;-0.002685892;-0.015458421;0.397913533
1833;-0.009244903;-0.009825336;0.397871656
1832;-0.014982465;-0.003319228;0.398048857
1831;-0.019388769;0.003481809;0.398440981
1830;-0.022072295;0.009973472;0.399038837
1829;-0.022794601;0.015578948;0.399828412
1828;-0.021491507;0.019800166;0.400791199
1827;-0.018278798;0.022262052;0.40190463
1826;-0.013441938;0.022745858;0.40314261
1825;-0.007410702;0.021208594;0.404476119
1824;-0.000720994;0.017786853;0.405873901
1823;0.006032779;0.012784673;0.407303195
1822;0.012250512;0.006646518;0.408730498
1821;0.017379734;-8.22E-05;0.410122355
1820;0.02096469;-0.006803632;0.411446144
1819;0.022686841;-0.012920521;0.412670834
1818;0.022393167;-0.017889366;0.413767721
1817;0.020109762;-0.021268663;0.414711094
1816;0.016039516;-0.022758145;0.415478842
1815;0.010544089;-0.022225466;0.416052969
1814;0.004111773;-0.019717957;0.416420018
1813;-0.002685892;-0.015458421;0.416571385
1812;-0.009244903;-0.009825336;0.416503524
1811;-0.014982465;-0.003319228;0.416218024
1810;-0.019388769;0.003481809;0.415721578
1809;-0.022072295;0.009973472;0.415025821
1808;-0.022794601;0.015578948;0.414147061
1807;-0.021491507;0.019800166;0.413105897
1806;-0.018278798;0.022262052;0.411926732
1805;-0.013441938;0.022745858;0.410637204
1804;-0.007410702;0.021208594;0.409267539
1803;-0.000720994;0.017786853;0.407849841
1802;0.006032779;0.012784673;0.40641734
1801;0.012250512;0.006646518;0.405003611
1800;0.017379734;-8.22E-05;0.403641792
1799;0.02096469;-0.006803632;0.402363803
1798;0.022686841;-0.012920521;0.401199599
1797;0.022393167;-0.017889366;0.400176467
1796;0.020109762;-0.021268663;0.399318388
1795;0.016039516;-0.022758145;0.398645477
1794;0.010544089;-0.022225466;0.398173504
1793;0.004111773;-0.019717957;0.397913533
1792;-0.002685892;-0.015458421;0.397871656
1791;-0.009244903;-0.009825336;0.398048857
1790;-0.014982465;-0.003319228;0.398440981
1789;-0.019388769;0.003481809;0.399038837
1788;-0.022072295;0.009973472;0.399828412
1787;-0.022794601;0.015578948;0.400791199
1786;-0.021491507;0.019800166;0.40190463
1785;-0.018278798;0.022262052;0.40314261
1784;-0.013441938;0.022745858;0.404476119
1783;-0.007410702;0.021208594;0.405873901
1782;-0.000720994;0.017786853;0.407303195
1781;0.006032779;0.012784673;0.408730498
1780;0.012250512;0.006646518;0.410122355
1779;0.017379734;-8.22E-05;0.411446144
1778;0.02096469;-0.006803632;0.412670834
1777;0.022686841;-0.012920521;0.413767721
1776;0.022393167;-0.017889366;0.414711094
1775;0.020109762;-0.021268663;0.415478842
1774;0.016039516;-0.022758145;0.416052969
1773;0.010544089;-0.022225466;0.416420018
1772;0.004111773;-0.019717957;0.416571385
1771;-0.002685892;-0.015458421;0.416503524
1770;-0.009244903;-0.009825336;0.416218024
1769;-0.014982465;-0.003319228;0.415721578
1768;-0.019388769;0.003481809;0.415025821
1767;-0.022072295;0.009973472;0.414147061
1766;-0.022794601;0.015578948;0.413105897
1765;-0.021491507;0.019800166;0.411926732
1764;-0.018278798;0.022262052;0.410637204
1763;-0.013441938;0.022745858;0.409267539
1762;-0.007410702;0.021208594;0.407849841
1761;-0.000720994;0.017786853;0.40641734
1760;0.006032779;0.012784673;0.405003611
1759;0.012250512;0.006646518;0.403641792
1758;0.017379734;-8.22E-05;0.402363803
1757;0.02096469;-0.006803632;0.401199599
1756;0.022686841;-0.012920521;0.400176467
1755;0.022393167;-0.017889366;0.399318388
1754;0.020109762;-0.021268663;0.398645477
1753;0.016039516;-0.022758145;0.398173504
1752;0.010544089;-0.022225466;0.397913533
1751;0.004111773;-0.019717957;0.397871656
1750;-0.002685892;-0.015458421;0.398048857
1749;-0.009244903;-0.009825336;0.398440981
1748;-0.014982465;-0.003319228;0.399038837
1747;-0.019388769;0.003481809;0.399828412
1746;-0.022072295;0.009973472;0.400791199
1745;-0.022794601;0.015578948;0.40190463
1744;-0.021491507;0.019800166;0.40314261
1743;-0.018278798;0.022262052;0.404476119
1742;-0.013441938;0.022745858;0.405873901
1741;-0.007410702;0.021208594;0.407303195
1740;-0.000720994;0.017786853;0.408730498
1739;0.006032779;0.012784673;0.410122355
1738;0.012250512;0.006646518;0.411446144
1737;0.017379734;-8.22E-05;0.412670834
1736;0.02096469;-0.006803632;0.413767721
1735;0.022686841;-0.012920521;0.414711094
1734;0.022393167;-0.017889366;0.415478842
1733;0.020109762;-0.021268663;0.416052969
1732;0.016039516;-0.022758145;0.416420018
1731;0.010544089;-0.022225466;0.416571385
1730;0.004111773;-0.019717957;0.416503524
1729;-0.002685892;-0.015458421;0.416218024
1728;-0.009244903;-0.009825336;0.415721578
1727;-0.014982465;-0.003319228;0.415025821
1726;-0.019388769;0.003481809;0.414147061
1725;-0.022072295;0.009973472;0.413105897
1724;-0.022794601;0.015578948;0.411926732
1723;-0.021491507;0.019800166;0.410637204
1722;-0.018278798;0.022262052;0.409267539
1721;-0.013441938;0.022745858;0.407849841
1720;-0.007410702;0.021208594;0.40641734
1719;-0.000720994;0.017786853;0.405003611
1718;0.006032779;0.012784673;0.403641792
1717;0.012250512;0.006646518;0.402363803
1716;0.017379734;-8.22E-05;0.401199599
1715;0.02096469;-0.006803632;0.400176467
1714;0.022686841;-0.012920521;0.399318388
1713;0.022393167;-0.017889366;0.398645477
1712;0.020109762;-0.021268663;0.398173504
1711;0.016039516;-0.022758145;0.397913533
1710;0.010544089;-0.022225466;0.397871656
1709;0.004111773;-0.019717957;0.398048857
1708;-0.002685892;-0.015458421;0.398440981
1707;-0.009244903;-0.009825336;0.399038837
1706;-0.014982465;-0.003319228;0.399828412
1705;-0.019388769;0.003481809;0.400791199
1704;-0.022072295;0.009973472;0.40190463
1703;-0.022794601;0.015578948;0.40314261
1702;-0.021491507;0.019800166;0.404476119
1701;-0.018278798;0.022262052;0.405873901
1700;-0.013441938;0.022745858;0.407303195
1699;-0.007410702;0.021208594;0.408730498
1698;-0.000720994;0.017786853;0.410122355
1697;0.006032779;0.012784673;0.411446144
1696;0.012250512;0.006646518;0.412670834
1695;0.017379734;-8.22E-05;0.413767721
1694;0.02096469;-0.006803632;0.414711094
1693;0.022686841;-0.012920521;0.415478842
1692;0.022393167;-0.017889366;0.416052969
1691;0.020109762;-0.021268663;0.416420018
1690;0.016039516;-0.022758145;0.416571385
1689;0.010544089;-0.022225466;0.416503524
1688;0.004111773;-0.019717957;0.416218024
1687;-0.002685892;-0.015458421;0.415721578
1686;-0.009244903;-0.009825336;0.415025821
1685;-0.014982465;-0.003319228;0.414147061
1684;-0.019388769;0.003481809;0.413105897
1683;-0.022072295;0.009973472;0.411926732
1682;-0.022794601;0.015578948;0.410637204
1681;-0.021491507;0.019800166;0.409267539
1680;-0.018278798;0.022262052;0.407849841
1679;-0.013441938;0.022745858;0.40641734
1678;-0.007410702;0.021208594;0.405003611
1677;-0.000720994;0.017786853;0.403641792
1676;0.006032779;0.012784673;0.402363803
1675;0.012250512;0.006646518;0.401199599
1674;0.017379734;-8.22E-05;0.400176467
1673;0.02096469;-0.006803632;0.399318388
1672;0.022686841;-0.012920521;0.398645477
1671;0.022393167;-0.017889366;0.398173504
1670;0.020109762;-0.021268663;0.397913533
1669;0.016039516;-0.022758145;0.397871656
1668;0.010544089;-0.022225466;0.398048857
1667;0.004111773;-0.019717957;0.398440981
1666;-0.002685892;-0.015458421;0.399038837
1665;-0.009244903;-0.009825336;0.399828412
1664;-0.014982465;-0.003319228;0.400791199
1663;-0.019388769;0.003481809;0.40190463
1662;-0.022072295;0.009973472;0.40314261
1661;-0.022794601;0.015578948;0.404476119
1660;-0.021491507;0.019800166;0.405873901
1659;-0.018278798;0.022262052;0.407303195
1658;-0.013441938;0.022745858;0.408730498
1657;-0.007410702;0.021208594;0.410122355
1656;-0.000720994;0.017786853;0.411446144
1655;0.006032779;0.012784673;0.412670834
1654;0.012250512;0.006646518;0.413767721
1653;0.017379734;-8.22E-05;0.414711094
1652;0.02096469;-0.006803632;0.415478842
1651;0.022686841;-0.012920521;0.416052969
1650;0.022393167;-0.017889366;0.416420018
1649;0.020109762;-0.021268663;0.416571385
1648;0.016039516;-0.022758145;0.416503524
1647;0.010544089;-0.022225466;0.416218024
1646;0.004111773;-0.019717957;0.415721578
1645;-0.002685892;-0.015458421;0.415025821
1644;-0.009244903;-0.009825336;0.414147061
1643;-0.014982465;-0.003319228;0.413105897
1642;-0.019388769;0.003481809;0.411926732
1641;-0.022072295;0.009973472;0.410637204
1640;-0.022794601;0.015578948;0.409267539
1639;-0.021491507;0.019800166;0.407849841
1638;-0.018278798;0.022262052;0.40641734
1637;-0.013441938;0.022745858;0.405003611
1636;-0.007410702;0.021208594;0.403641792
1635;-0.000720994;0.017786853;0.402363803
1634;0.006032779;0.012784673;0.401199599
1633;0.012250512;0.006646518;0.400176467
1632;0.017379734;-8.22E-05;0.399318388
1631;0.02096469;-0.006803632;0.398645477
1630;0.022686841;-0.012920521;0.398173504
1629;0.022393167;-0.017889366;0.397913533
1628;0.020109762;-0.021268663;0.397871656
1627;0.016039516;-0.022758145;0.398048857
1626;0.010544089;-0.022225466;0.398440981
1625;0.004111773;-0.019717957;0.399038837
1624;-0.002685892;-0.015458421;0.399828412
1623;-0.009244903;-0.009825336;0.400791199
1622;-0.014982465;-0.003319228;0.40190463
1621;-0.019388769;0.003481809;0.40314261
1620;-0.022072295;0.009973472;0.404476119
1619;-0.022794601;0.015578948;0.405873901
1618;-0.021491507;0.019800166;0.407303195
1617;-0.018278798;0.022262052;0.408730498
1616;-0.013441938;0.022745858;0.410122355
1615;-0.007410702;0.021208594;0.411446144
1614;-0.000720994;0.017786853;0.412670834
1613;0.006032779;0.012784673;0.413767721
1612;0.012250512;0.006646518;0.414711094
1611;0.017379734;-8.22E-05;0.415478842
1610;0.02096469;-0.006803632;0.416052969
1609;0.022686841;-0.012920521;0.416420018
1608;0.022393167;-0.017889366;0.416571385
1607;0.020109762;-0.021268663;0.416503524
1606;0.016039516;-0.022758145;0.416218024
1605;0.010544089;-0.022225466;0.415721578
1604;0.004111773;-0.019717957;0.415025821
1603;-0.002685892;-0.015458421;0.414147061
1602;-0.009244903;-0.009825336;0.413105897
1601;-0.014982465;-0.003319228;0.411926732
1600;-0.019388769;0.003481809;0.410637204
1599;-0.022072295;0.009973472;0.409267539
1598;-0.022794601;0.015578948;0.407849841
1597;-0.021491507;0.019800166;0.40641734
1596;-0.018278798;0.022262052;0.405003611
1595;-0.013441938;0.022745858;0.403641792
1594;-0.007410702;0.021208594;0.402363803
1593;-0.000720994;0.017786853;0.401199599
1592;0.006032779;0.012784673;0.400176467
1591;0.012250512;0.006646518;0.399318388
1590;0.017379734;-8.22E-05;0.398645477
1589;0.02096469;-0.006803632;0.398173504
1588;0.022686841;-0.012920521;0.397913533
1587;0.022393167;-0.017889366;0.397871656
1586;0.020109762;-0.021268663;0.398048857
1585;0.016039516;-0.022758145;0.398440981
1584;0.010544089;-0.022225466;0.399038837
1583;0.004111773;-0.019717957;0.399828412
1582;-0.002685892;-0.015458421;0.400791199
1581;-0.009244903;-0.009825336;0.40190463
1580;-0.014982465;-0.003319228;0.40314261
1579;-0.019388769;0.003481809;0.404476119
1578;-0.022072295;0.009973472;0.405873901
1577;-0.022794601;0.015578948;0.407303195
1576;-0.021491507;0.019800166;0.408730498
1575;-0.018278798;0.022262052;0.410122355
1574;-0.013441938;0.022745858;0.411446144
1573;-0.007410702;0.021208594;0.412670834
1572;-0.000720994;0.017786853;0.413767721
1571;0.006032779;0.012784673;0.414711094
1570;0.012250512;0.006646518;0.415478842
1569;0.017379734;-8.22E-05;0.416052969
1568;0.02096469;-0.006803632;0.416420018
1567;0.022686841;-0.012920521;0.416571385
1566;0.022393167;-0.017889366;0.416503524
1565;0.020109762;-0.021268663;0.416218024
1564;0.016039516;-0.022758145;0.415721578
1563;0.010544089;-0.022225466;0.415025821
1562;0.004111773;-0.019717957;0.414147061
1561;-0.002685892;-0.015458421;0.413105897
1560;-0.009244903;-0.009825336;0.411926732
1559;-0.014982465;-0.003319228;0.410637204
1558;-0.019388769;0.003481809;0.409267539
1557;-0.022072295;0.009973472;0.407849841
1556;-0.022794601;0.015578948;0.40641734
1555;-0.021491507;0.019800166;0.405003611
1554;-0.018278798;0.022262052;0.403641792
1553;-0.013441938;0.022745858;0.402363803
1552;-0.007410702;0.021208594;0.401199599
1551;-0.000720994;0.017786853;0.400176467
1550;0.006032779;0.012784673;0.399318388
1549;0.012250512;0.006646518;0.398645477
1548;0.017379734;-8.22E-05;0.398173504
1547;0.02096469;-0.006803632;0.397913533
1546;0.022686841;-0.012920521;0.397871656
1545;0.022393167;-0.017889366;0.398048857
1544;0.020109762;-0.021268663;0.398440981
1543;0.016039516;-0.022758145;0.399038837
1542;0.010544089;-0.022225466;0.399828412
1541;0.004111773;-0.019717957;0.400791199
1540;-0.002685892;-0.015458421;0.40190463
1539;-0.009244903;-0.009825336;0.40314261
1538;-0.014982465;-0.003319228;0.404476119
1537;-0.019388769;0.003481809;0.405873901
1536;-0.022072295;0.009973472;0.407303195
1535;-0.022794601;0.015578948;0.408730498
1534;-0.021491507;0.019800166;0.410122355
1533;-0.018278798;0.022262052;0.411446144
1532;-0.013441938;0.022745858;0.412670834
1531;-0.007410702;0.021208594;0.413767721
1530;-0.000720994;0.017786853;0.414711094
1529;0.006032779;0.012784673;0.415478842
1528;0.012250512;0.006646518;0.416052969
1527;0.017379734;-8.22E-05;0.416420018
1526;0.02096469;-0.006803632;0.416571385
1525;0.022686841;-0.012920521;0.416503524
1524;0.022393167;-0.017889366;0.416218024
1523;0.020109762;-0.021268663;0.415721578
1522;0.016039516;-0.022758145;0.415025821
1521;0.010544089;-0.022225466;0.414147061
1520;0.004111773;-0.019717957;0.413105897
1519;-0.002685892;-0.015458421;0.411926732
1518;-0.009244903;-0.009825336;0.410637204
1517;-0.014982465;-0.003319228;0.409267539
1516;-0.019388769;0.003481809;0.407849841
1515;-2.21E-02;0.009973472;0.40641734
1514;-0.022794601;0.015578948;0.405003611
1513;-0.021491507;0.019800166;0.403641792
1512;-0.018278798;0.022262052;0.402363803
1511;-0.013441938;0.022745858;0.401199599
1510;-0.007410702;0.021208594;0.400176467
1509;-0.000720994;0.017786853;0.399318388
1508;0.006032779;0.012784673;0.398645477
1507;0.012250512;0.006646518;0.398173504
1506;0.017379734;-8.22E-05;0.397913533
1505;0.02096469;-0.006803632;0.397871656
1504;0.022686841;-0.012920521;0.398048857
1503;0.022393167;-0.017889366;0.398440981
1502;0.020109762;-0.021268663;0.399038837
1501;0.016039516;-0.022758145;0.399828412
1500;0.010544089;-0.022225466;0.400791199
1499;0.004111773;-0.019717957;0.40190463
1498;-0.002685892;-0.015458421;0.40314261
1497;-0.009244903;-0.009825336;0.404476119
1496;-0.014982465;-0.003319228;0.405873901
1495;-0.019388769;0.003481809;0.407303195
1494;-0.022072295;0.009973472;0.408730498
1493;-0.022794601;0.015578948;0.410122355
1492;-0.021491507;0.019800166;0.411446144
1491;-0.018278798;0.022262052;0.412670834
1490;-0.013441938;0.022745858;0.413767721
1489;-0.007410702;0.021208594;0.414711094
1488;-0.000720994;0.017786853;0.415478842
1487;0.006032779;0.012784673;0.416052969
1486;0.012250512;0.006646518;0.416420018
1485;0.017379734;-8.22E-05;0.416571385
1484;0.02096469;-0.006803632;0.416503524
1483;0.022686841;-0.012920521;0.416218024
1482;0.022393167;-0.017889366;0.415721578
1481;0.020109762;-0.021268663;0.415025821
1480;0.016039516;-0.022758145;0.414147061
1479;0.010544089;-0.022225466;0.413105897
1478;0.004111773;-0.019717957;0.411926732
1477;-0.002685892;-0.015458421;0.410637204
1476;-0.009244903;-0.009825336;0.409267539
1475;-0.014982465;-0.003319228;0.407849841
1474;-0.019388769;0.003481809;0.40641734
1473;-0.022072295;0.009973472;0.405003611
1472;-0.022794601;0.015578948;0.403641792
1471;-0.021491507;0.019800166;0.402363803
1470;-0.018278798;0.022262052;0.401199599
1469;-0.013441938;0.022745858;0.400176467
1468;-0.007410702;0.021208594;0.399318388
1467;-0.000720994;0.017786853;0.398645477
1466;0.006032779;0.012784673;0.398173504
1465;0.012250512;0.006646518;0.397913533
1464;0.017379734;-8.22E-05;0.397871656
1463;0.02096469;-0.006803632;0.398048857
1462;0.022686841;-0.012920521;0.398440981
1461;0.022393167;-0.017889366;0.399038837
1460;0.020109762;-0.021268663;0.399828412
1459;0.016039516;-0.022758145;0.400791199
1458;0.010544089;-0.022225466;0.40190463
1457;0.004111773;-0.019717957;0.40314261
1456;-0.002685892;-0.015458421;0.404476119
1455;-0.009244903;-0.009825336;0.405873901
1454;-0.014982465;-0.003319228;0.407303195
1453;-0.019388769;0.003481809;0.408730498
1452;-0.022072295;0.009973472;0.410122355
1451;-0.022794601;0.015578948;0.411446144
1450;-0.021491507;0.019800166;0.412670834
1449;-0.018278798;0.022262052;0.413767721
1448;-0.013441938;0.022745858;0.414711094
1447;-0.007410702;0.021208594;0.415478842
1446;-0.000720994;0.017786853;0.416052969
1445;0.006032779;0.012784673;0.416420018
1444;0.012250512;0.006646518;0.416571385
1443;0.017379734;-8.22E-05;0.416503524
1442;0.02096469;-0.006803632;0.416218024
1441;0.022686841;-0.012920521;0.415721578
1440;0.022393167;-0.017889366;0.415025821
1439;0.020109762;-0.021268663;0.414147061
1438;0.016039516;-0.022758145;0.413105897
1437;0.010544089;-0.022225466;0.411926732
1436;0.004111773;-0.019717957;0.410637204
1435;-0.002685892;-0.015458421;0.409267539
1434;-0.009244903;-0.009825336;0.407849841
1433;-0.014982465;-0.003319228;0.40641734
1432;-0.019388769;0.003481809;0.405003611
1431;-0.022072295;0.009973472;0.403641792
1430;-0.022794601;0.015578948;0.402363803
1429;-0.021491507;0.019800166;0.401199599
1428;-0.018278798;0.022262052;0.400176467
1427;-0.013441938;0.022745858;0.399318388
1426;-0.007410702;0.021208594;0.398645477
1425;-0.000720994;0.017786853;0.398173504
1424;0.006032779;0.012784673;0.397913533
1423;0.012250512;0.006646518;0.397871656
1422;0.017379734;-8.22E-05;0.398048857
1421;0.02096469;-0.006803632;0.398440981
1420;0.022686841;-0.012920521;0.399038837
1419;0.022393167;-0.017889366;0.399828412
1418;0.020109762;-0.021268663;0.400791199
1417;0.016039516;-0.022758145;0.40190463
1416;0.010544089;-0.022225466;0.40314261
1415;0.004111773;-0.019717957;0.404476119
1414;-0.002685892;-0.015458421;0.405873901
1413;-0.009244903;-0.009825336;0.407303195
1412;-0.014982465;-0.003319228;0.408730498
1411;-0.019388769;0.003481809;0.410122355
1410;-0.022072295;0.009973472;0.411446144
1409;-0.022794601;0.015578948;0.412670834
1408;-0.021491507;0.019800166;0.413767721
1407;-0.018278798;0.022262052;0.414711094
1406;-0.013441938;0.022745858;0.415478842
1405;-0.007410702;0.021208594;0.416052969
1404;-0.000720994;0.017786853;0.416420018
1403;0.006032779;0.012784673;0.416571385
1402;0.012250512;0.006646518;0.416503524
1401;0.017379734;-8.22E-05;0.416218024
1400;0.02096469;-0.006803632;0.415721578
1399;0.022686841;-0.012920521;0.415025821
1398;0.022393167;-0.017889366;0.414147061
1397;0.020109762;-0.021268663;0.413105897
1396;0.016039516;-0.022758145;0.411926732
1395;0.010544089;-0.022225466;0.410637204
1394;0.004111773;-0.019717957;0.409267539
1393;-0.002685892;-0.015458421;0.407849841
1392;-0.009244903;-0.009825336;0.40641734
1391;-0.014982465;-0.003319228;0.405003611
1390;-0.019388769;0.003481809;0.403641792
1389;-0.022072295;0.009973472;0.402363803
1388;-0.022794601;0.015578948;0.401199599
1387;-0.021491507;0.019800166;0.400176467
1386;-0.018278798;0.022262052;0.399318388
1385;-0.013441938;0.022745858;0.398645477
1384;-0.007410702;0.021208594;0.398173504
1383;-0.000720994;0.017786853;0.397913533
1382;0.006032779;0.012784673;0.397871656
1381;0.012250512;0.006646518;0.398048857
1380;0.017379734;-8.22E-05;0.398440981
1379;0.02096469;-0.006803632;0.399038837
1378;0.022686841;-0.012920521;0.399828412
1377;0.022393167;-0.017889366;0.400791199
1376;0.020109762;-0.021268663;0.40190463
1375;0.016039516;-0.022758145;0.40314261
1374;0.010544089;-0.022225466;0.404476119
1373;0.004111773;-0.019717957;0.405873901
1372;-0.002685892;-0.015458421;0.407303195
1371;-0.009244903;-0.009825336;0.408730498
1370;-0.014982465;-0.003319228;0.410122355
1369;-0.019388769;0.003481809;0.411446144
1368;-0.022072295;0.009973472;0.412670834
1367;-0.022794601;0.015578948;0.413767721
1366;-0.021491507;0.019800166;0.414711094
1365;-0.018278798;0.022262052;0.415478842
1364;-0.013441938;0.022745858;0.416052969
1363;-0.007410702;0.021208594;0.416420018
1362;-0.000720994;0.017786853;0.416571385
1361;0.006032779;0.012784673;0.416503524
1360;0.012250512;0.006646518;0.416218024
1359;0.017379734;-8.22E-05;0.415721578
1358;0.02096469;-0.006803632;0.415025821
1357;0.022686841;-0.012920521;0.414147061
1356;0.022393167;-0.017889366;0.413105897
1355;0.020109762;-0.021268663;0.411926732
1354;0.016039516;-0.022758145;0.410637204
1353;0.010544089;-0.022225466;0.409267539
1352;0.004111773;-0.019717957;0.407849841
1351;-0.002685892;-0.015458421;0.40641734
1350;-0.009244903;-0.009825336;0.405003611
1349;-0.014982465;-0.003319228;0.403641792
1348;-0.019388769;0.003481809;0.402363803
1347;-0.022072295;0.009973472;0.401199599
1346;-0.022794601;0.015578948;0.400176467
1345;-0.021491507;0.019800166;0.399318388
1344;-0.018278798;0.022262052;0.398645477
1343;-0.013441938;0.022745858;0.398173504
1342;-0.007410702;0.021208594;0.397913533
1341;-0.000720994;0.017786853;0.397871656
1340;0.006032779;0.012784673;0.398048857
1339;0.012250512;0.006646518;0.398440981
1338;0.017379734;-8.22E-05;0.399038837
1337;0.02096469;-0.006803632;0.399828412
1336;0.022686841;-0.012920521;0.400791199
1335;0.022393167;-0.017889366;0.40190463
1334;0.020109762;-0.021268663;0.40314261
1333;0.016039516;-0.022758145;0.404476119
1332;0.010544089;-0.022225466;0.405873901
1331;0.004111773;-0.019717957;0.407303195
1330;-0.002685892;-0.015458421;0.408730498
1329;-0.009244903;-0.009825336;0.410122355
1328;-0.014982465;-0.003319228;0.411446144
1327;-0.019388769;0.003481809;0.412670834
1326;-0.022072295;0.009973472;0.413767721
1325;-0.022794601;0.015578948;0.414711094
1324;-0.021491507;0.019800166;0.415478842
1323;-0.018278798;0.022262052;0.416052969
1322;-0.013441938;0.022745858;0.416420018
1321;-0.007410702;0.021208594;0.416571385
1320;-0.000720994;0.017786853;0.416503524
1319;0.006032779;0.012784673;0.416218024
1318;0.012250512;0.006646518;0.415721578
1317;0.017379734;-8.22E-05;0.415025821
1316;0.02096469;-0.006803632;0.414147061
1315;0.022686841;-0.012920521;0.413105897
1314;0.022393167;-0.017889366;0.411926732
1313;0.020109762;-0.021268663;0.410637204
1312;0.016039516;-0.022758145;0.409267539
1311;0.010544089;-0.022225466;0.407849841
1310;0.004111773;-0.019717957;0.40641734
1309;-0.002685892;-0.015458421;0.405003611
1308;-0.009244903;-0.009825336;0.403641792
1307;-0.014982465;-0.003319228;0.402363803
1306;-0.019388769;0.003481809;0.401199599
1305;-0.022072295;0.009973472;0.400176467
1304;-0.022794601;0.015578948;0.399318388
1303;-0.021491507;0.019800166;0.398645477
1302;-0.018278798;0.022262052;0.398173504
1301;-0.013441938;0.022745858;0.397913533
1300;-0.007410702;0.021208594;0.397871656
1299;-0.000720994;0.017786853;0.398048857
1298;0.006032779;0.012784673;0.398440981
1297;0.012250512;0.006646518;0.399038837
1296;0.017379734;-8.22E-05;0.399828412
1295;0.02096469;-0.006803632;0.400791199
1294;0.022686841;-0.012920521;0.40190463
1293;0.022393167;-0.017889366;0.40314261
1292;0.020109762;-0.021268663;0.404476119
1291;0.016039516;-0.022758145;0.405873901
1290;0.010544089;-0.022225466;0.407303195
1289;0.004111773;-0.019717957;0.408730498
1288;-0.002685892;-0.015458421;0.410122355
1287;-0.009244903;-0.009825336;0.411446144
1286;-0.014982465;-0.003319228;0.412670834
1285;-0.019388769;0.003481809;0.413767721
1284;-0.022072295;0.009973472;0.414711094
1283;-0.022794601;0.015578948;0.415478842
1282;-0.021491507;0.019800166;0.416052969
1281;-0.018278798;0.022262052;0.416420018
1280;-0.013441938;0.022745858;0.416571385
1279;-0.007410702;0.021208594;0.416503524
1278;-0.000720994;0.017786853;0.416218024
1277;0.006032779;0.012784673;0.415721578
1276;0.012250512;0.006646518;0.415025821
1275;0.017379734;-8.22E-05;0.414147061
1274;0.02096469;-0.006803632;0.413105897
1273;0.022686841;-0.012920521;0.411926732
1272;0.022393167;-0.017889366;0.410637204
1271;0.020109762;-0.021268663;0.409267539
1270;0.016039516;-0.022758145;0.407849841
1269;0.010544089;-0.022225466;0.40641734
1268;0.004111773;-0.019717957;0.405003611
1267;-0.002685892;-0.015458421;0.403641792
1266;-0.009244903;-0.009825336;0.402363803
1265;-0.014982465;-0.003319228;0.401199599
1264;-0.019388769;0.003481809;0.400176467
1263;-0.022072295;0.009973472;0.399318388
1262;-0.022794601;0.015578948;0.398645477
1261;-0.021491507;0.019800166;0.398173504
1260;-0.018278798;0.022262052;0.397913533
1259;-0.013441938;0.022745858;0.397871656
1258;-0.007410702;0.021208594;0.398048857
1257;-0.000720994;0.017786853;0.398440981
1256;0.006032779;0.012784673;0.399038837
1255;0.012250512;0.006646518;0.399828412
1254;0.017379734;-8.22E-05;0.400791199
1253;0.02096469;-0.006803632;0.40190463
1252;0.022686841;-0.012920521;0.40314261
1251;0.022393167;-0.017889366;0.404476119
1250;0.020109762;-0.021268663;0.405873901
1249;0.016039516;-0.022758145;0.407303195
1248;0.010544089;-0.022225466;0.408730498
1247;0.004111773;-0.019717957;0.410122355
1246;-0.002685892;-0.015458421;0.411446144
1245;-0.009244903;-0.009825336;0.412670834
1244;-0.014982465;-0.003319228;0.413767721
1243;-0.019388769;0.003481809;0.414711094
1242;-0.022072295;0.009973472;0.415478842
1241;-0.022794601;0.015578948;0.416052969
1240;-0.021491507;0.019800166;0.416420018
1239;-0.018278798;0.022262052;0.416571385
1238;-0.013441938;0.022745858;0.416503524
1237;-0.007410702;0.021208594;0.416218024
1236;-0.000720994;0.017786853;0.415721578
1235;0.006032779;0.012784673;0.415025821
1234;0.012250512;0.006646518;0.414147061
1233;0.017379734;-8.22E-05;0.413105897
1232;0.02096469;-0.006803632;0.411926732
1231;0.022686841;-0.012920521;0.410637204
1230;0.022393167;-0.017889366;0.409267539
1229;0.020109762;-0.021268663;0.407849841
1228;0.016039516;-0.022758145;0.40641734
1227;0.010544089;-0.022225466;0.405003611
1226;0.004111773;-0.019717957;0.403641792
1225;-0.002685892;-0.015458421;0.402363803
1224;-0.009244903;-0.009825336;0.401199599
1223;-0.014982465;-0.003319228;0.400176467
1222;-0.019388769;0.003481809;0.399318388
1221;-0.022072295;0.009973472;0.398645477
1220;-0.022794601;0.015578948;0.398173504
1219;-0.021491507;0.019800166;0.397913533
1218;-0.018278798;0.022262052;0.397871656
1217;-0.013441938;0.022745858;0.398048857
1216;-0.007410702;0.021208594;0.398440981
1215;-0.000720994;0.017786853;0.399038837
1214;0.006032779;0.012784673;0.399828412
1213;0.012250512;0.006646518;0.400791199
1212;0.017379734;-8.22E-05;0.40190463
1211;0.02096469;-0.006803632;0.40314261
1210;0.022686841;-0.012920521;0.404476119
1209;0.022393167;-0.017889366;0.405873901
1208;0.020109762;-0.021268663;0.407303195
1207;0.016039516;-0.022758145;0.408730498
1206;0.010544089;-0.022225466;0.410122355
1205;0.004111773;-0.019717957;0.411446144
1204;-0.002685892;-0.015458421;0.412670834
1203;-0.009244903;-0.009825336;0.413767721
1202;-0.014982465;-0.003319228;0.414711094
1201;-0.019388769;0.003481809;0.415478842
1200;-0.022072295;0.009973472;0.416052969
1199;-0.022794601;0.015578948;0.416420018
1198;-0.021491507;0.019800166;0.416571385
1197;-0.018278798;0.022262052;0.416503524
1196;-0.013441938;0.022745858;0.416218024
1195;-0.007410702;0.021208594;0.415721578
1194;-0.000720994;0.017786853;0.415025821
1193;0.006032779;0.012784673;0.414147061
1192;0.012250512;0.006646518;0.413105897
1191;0.017379734;-8.22E-05;0.411926732
1190;0.02096469;-0.006803632;0.410637204
1189;0.022686841;-0.012920521;0.409267539
1188;0.022393167;-0.017889366;0.407849841
1187;0.020109762;-0.021268663;0.40641734
1186;0.016039516;-0.022758145;0.405003611
1185;0.010544089;-0.022225466;0.403641792
1184;0.004111773;-0.019717957;0.402363803
1183;-0.002685892;-0.015458421;0.401199599
1182;-0.009244903;-0.009825336;0.400176467
1181;-0.014982465;-0.003319228;0.399318388
1180;-0.019388769;0.003481809;0.398645477
1179;-0.022072295;0.009973472;0.398173504
1178;-0.022794601;0.015578948;0.397913533
1177;-0.021491507;0.019800166;0.397871656
1176;-0.018278798;0.022262052;0.398048857
1175;-0.013441938;0.022745858;0.398440981
1174;-0.007410702;0.021208594;0.399038837
1173;-0.000720994;0.017786853;0.399828412
1172;0.006032779;0.012784673;0.400791199
1171;0.012250512;0.006646518;0.40190463
1170;0.017379734;-8.22E-05;0.40314261
1169;0.02096469;-0.006803632;0.404476119
1168;0.022686841;-0.012920521;0.405873901
1167;0.022393167;-0.017889366;0.407303195
1166;2.01E-02;-0.021268663;0.408730498
1165;0.016039516;-0.022758145;0.410122355
1164;0.010544089;-0.022225466;0.411446144
1163;0.004111773;-0.019717957;0.412670834
1162;-0.002685892;-0.015458421;0.413767721
1161;-0.009244903;-0.009825336;0.414711094
1160;-0.014982465;-0.003319228;0.415478842
1159;-0.019388769;0.003481809;0.416052969
1158;-0.022072295;0.009973472;0.416420018
1157;-0.022794601;0.015578948;0.416571385
1156;-0.021491507;0.019800166;0.416503524
1155;-0.018278798;0.022262052;0.416218024
1154;-0.013441938;0.022745858;0.415721578
1153;-0.007410702;0.021208594;0.415025821
1152;-0.000720994;0.017786853;0.414147061
1151;0.006032779;0.012784673;0.413105897
1150;0.012250512;0.006646518;0.411926732
1149;0.017379734;-8.22E-05;0.410637204
1148;0.02096469;-0.006803632;0.409267539
1147;0.022686841;-0.012920521;0.407849841
1146;0.022393167;-0.017889366;0.40641734
1145;0.020109762;-0.021268663;0.405003611
1144;0.016039516;-0.022758145;0.403641792
1143;0.010544089;-0.022225466;0.402363803
1142;0.004111773;-0.019717957;0.401199599
1141;-0.002685892;-0.015458421;0.400176467
1140;-0.009244903;-0.009825336;0.399318388
1139;-0.014982465;-0.003319228;0.398645477
1138;-0.019388769;0.003481809;0.398173504
1137;-0.022072295;0.009973472;0.397913533
1136;-0.022794601;0.015578948;0.397871656
1135;-0.021491507;0.019800166;0.398048857
1134;-0.018278798;0.022262052;0.398440981
1133;-0.013441938;0.022745858;0.399038837
1132;-0.007410702;0.021208594;0.399828412
1131;-0.000720994;0.017786853;0.400791199
1130;0.006032779;0.012784673;0.40190463
1129;0.012250512;0.006646518;0.40314261
1128;0.017379734;-8.22E-05;0.404476119
1127;0.02096469;-0.006803632;0.405873901
1126;0.022686841;-0.012920521;0.407303195
1125;0.022393167;-0.017889366;0.408730498
1124;0.020109762;-0.021268663;0.410122355
1123;0.016039516;-0.022758145;0.411446144
1122;0.010544089;-0.022225466;0.412670834
1121;0.004111773;-0.019717957;0.413767721
1120;-0.002685892;-0.015458421;0.414711094
1119;-0.009244903;-0.009825336;0.415478842
1118;-0.014982465;-0.003319228;0.416052969
1117;-0.019388769;0.003481809;0.416420018
1116;-0.022072295;0.009973472;0.416571385
1115;-0.022794601;0.015578948;0.416503524
1114;-0.021491507;0.019800166;0.416218024
1113;-0.018278798;0.022262052;0.415721578
1112;-0.013441938;0.022745858;0.415025821
1111;-0.007410702;0.021208594;0.414147061
1110;-0.000720994;0.017786853;0.413105897
1109;0.006032779;0.012784673;0.411926732
1108;0.012250512;0.006646518;0.410637204
1107;0.017379734;-8.22E-05;0.409267539
1106;0.02096469;-0.006803632;0.407849841
1105;0.022686841;-0.012920521;0.40641734
1104;0.022393167;-0.017889366;0.405003611
1103;0.020109762;-0.021268663;0.403641792
1102;0.016039516;-0.022758145;0.402363803
1101;0.010544089;-0.022225466;0.401199599
1100;0.004111773;-0.019717957;0.400176467
1099;-0.002685892;-0.015458421;0.399318388
1098;-0.009244903;-0.009825336;0.398645477
1097;-0.014982465;-0.003319228;0.398173504
1096;-0.019388769;0.003481809;0.397913533
1095;-0.022072295;0.009973472;0.397871656
1094;-0.022794601;0.015578948;0.398048857
1093;-0.021491507;0.019800166;0.398440981
1092;-0.018278798;0.022262052;0.399038837
1091;-0.013441938;0.022745858;0.399828412
1090;-0.007410702;0.021208594;0.400791199
1089;-0.000720994;0.017786853;0.40190463
1088;6.03E-03;0.012784673;0.40314261
1087;0.012250512;0.006646518;0.404476119
1086;0.017379734;-8.22E-05;0.405873901
1085;0.02096469;-0.006803632;0.407303195
1084;0.022686841;-0.012920521;0.408730498
1083;0.022393167;-0.017889366;0.410122355
1082;0.020109762;-0.021268663;0.411446144
1081;0.016039516;-0.022758145;0.412670834
1080;0.010544089;-0.022225466;0.413767721
1079;0.004111773;-0.019717957;0.414711094
1078;-0.002685892;-0.015458421;0.415478842
1077;-0.009244903;-0.009825336;0.416052969
1076;-0.014982465;-0.003319228;0.416420018
1075;-0.019388769;0.003481809;0.416571385
1074;-0.022072295;0.009973472;0.416503524
1073;-0.022794601;0.015578948;0.416218024
1072;-0.021491507;0.019800166;0.415721578
1071;-0.018278798;0.022262052;0.415025821
1070;-0.013441938;0.022745858;0.414147061
1069;-0.007410702;0.021208594;0.413105897
1068;-0.000720994;0.017786853;0.411926732
1067;0.006032779;0.012784673;0.410637204
1066;0.012250512;0.006646518;0.409267539
1065;0.017379734;-8.22E-05;0.407849841
1064;0.02096469;-0.006803632;0.40641734
1063;0.022686841;-0.012920521;0.405003611
1062;0.022393167;-0.017889366;0.403641792
1061;0.020109762;-0.021268663;0.402363803
1060;0.016039516;-0.022758145;0.401199599
1059;0.010544089;-0.022225466;0.400176467
1058;0.004111773;-0.019717957;0.399318388
1057;-0.002685892;-0.015458421;0.398645477
1056;-0.009244903;-0.009825336;0.398173504
1055;-0.014982465;-0.003319228;0.397913533
1054;-0.019388769;0.003481809;0.397871656
1053;-0.022072295;0.009973472;0.398048857
1052;-0.022794601;0.015578948;0.398440981
1051;-0.021491507;0.019800166;0.399038837
1050;-0.018278798;0.022262052;0.399828412
1049;-0.013441938;0.022745858;0.400791199
1048;-0.007410702;0.021208594;0.40190463
1047;-0.000720994;0.017786853;0.40314261
1046;0.006032779;0.012784673;0.404476119
1045;0.012250512;0.006646518;0.405873901
1044;0.017379734;-8.22E-05;0.407303195
1043;0.02096469;-0.006803632;0.408730498
1042;0.022686841;-0.012920521;0.410122355
1041;0.022393167;-0.017889366;0.411446144
1040;0.020109762;-0.021268663;0.412670834
1039;0.016039516;-0.022758145;0.413767721
1038;0.010544089;-0.022225466;0.414711094
1037;0.004111773;-0.019717957;0.415478842
1036;-0.002685892;-0.015458421;0.416052969
1035;-0.009244903;-0.009825336;0.416420018
1034;-0.014982465;-0.003319228;0.416571385
1033;-0.019388769;0.003481809;0.416503524
1032;-0.022072295;0.009973472;0.416218024
1031;-0.022794601;0.015578948;0.415721578
1030;-0.021491507;0.019800166;0.415025821
1029;-0.018278798;0.022262052;0.414147061
1028;-0.013441938;0.022745858;0.413105897
1027;-0.007410702;0.021208594;0.411926732
1026;-0.000720994;0.017786853;0.410637204
1025;0.006032779;0.012784673;0.409267539
1024;0.012250512;0.006646518;0.407849841
1023;0.017379734;-8.22E-05;0.40641734
1022;0.02096469;-0.006803632;0.405003611
1021;0.022686841;-0.012920521;0.403641792
1020;0.022393167;-0.017889366;0.402363803
1019;0.020109762;-0.021268663;0.401199599
1018;0.016039516;-0.022758145;0.400176467
1017;0.010544089;-0.022225466;0.399318388
1016;0.004111773;-0.019717957;0.398645477
1015;-0.002685892;-0.015458421;0.398173504
1014;-0.009244903;-0.009825336;0.397913533
1013;-0.014982465;-0.003319228;0.397871656
1012;-0.019388769;0.003481809;0.398048857
1011;-0.022072295;0.009973472;0.398440981
1010;-0.022794601;0.015578948;0.399038837
1009;-0.021491507;0.019800166;0.399828412
1008;-0.018278798;0.022262052;0.400791199
1007;-0.013441938;0.022745858;0.40190463
1006;-0.007410702;0.021208594;0.40314261
1005;-0.000720994;0.017786853;0.404476119
1004;0.006032779;0.012784673;0.405873901
1003;0.012250512;0.006646518;0.407303195
1002;0.017379734;-8.22E-05;0.408730498
1001;0.02096469;-0.006803632;0.410122355
1000;0.022686841;-0.012920521;0.411446144
999;0.022393167;-0.017889366;0.412670834
998;0.020109762;-0.021268663;0.413767721
997;0.016039516;-0.022758145;0.414711094
996;0.010544089;-0.022225466;0.415478842
995;0.004111773;-0.019717957;0.416052969
994;-0.002685892;-0.015458421;0.416420018
993;-0.009244903;-0.009825336;0.416571385
992;-0.014982465;-0.003319228;0.416503524
991;-0.019388769;0.003481809;0.416218024
990;-0.022072295;0.009973472;0.415721578
989;-0.022794601;0.015578948;0.415025821
988;-0.021491507;0.019800166;0.414147061
987;-0.018278798;0.022262052;0.413105897
986;-0.013441938;0.022745858;0.411926732
985;-0.007410702;0.021208594;0.410637204
984;-0.000720994;0.017786853;0.409267539
983;0.006032779;0.012784673;0.407849841
982;0.012250512;0.006646518;0.40641734
981;0.017379734;-8.22E-05;0.405003611
980;0.02096469;-0.006803632;0.403641792
979;0.022686841;-0.012920521;0.402363803
978;0.022393167;-0.017889366;0.401199599
977;0.020109762;-0.021268663;0.400176467
976;0.016039516;-0.022758145;0.399318388
975;0.010544089;-0.022225466;0.398645477
974;0.004111773;-0.019717957;0.398173504
973;-0.002685892;-0.015458421;0.397913533
972;-0.009244903;-0.009825336;0.397871656
971;-0.014982465;-0.003319228;0.398048857
970;-0.019388769;0.003481809;0.398440981
969;-0.022072295;0.009973472;0.399038837
968;-0.022794601;0.015578948;0.399828412
967;-0.021491507;0.019800166;0.400791199
966;-0.018278798;0.022262052;0.40190463
965;-0.013441938;0.022745858;0.40314261
964;-0.007410702;0.021208594;0.404476119
963;-0.000720994;0.017786853;0.405873901
962;0.006032779;0.012784673;0.407303195
961;0.012250512;0.006646518;0.408730498
960;0.017379734;-8.22E-05;0.410122355
959;0.02096469;-0.006803632;0.411446144
958;0.022686841;-0.012920521;0.412670834
957;0.022393167;-0.017889366;0.413767721
956;0.020109762;-0.021268663;0.414711094
955;0.016039516;-0.022758145;0.415478842
954;0.010544089;-0.022225466;0.416052969
953;0.004111773;-0.019717957;0.416420018
952;-0.002685892;-0.015458421;0.416571385
951;-0.009244903;-0.009825336;0.416503524
950;-0.014982465;-0.003319228;0.416218024
949;-0.019388769;0.003481809;0.415721578
948;-0.022072295;0.009973472;0.415025821
947;-0.022794601;0.015578948;0.414147061
946;-0.021491507;0.019800166;0.413105897
945;-0.018278798;0.022262052;0.411926732
944;-0.013441938;0.022745858;0.410637204
943;-0.007410702;0.021208594;0.409267539
942;-0.000720994;0.017786853;0.407849841
941;0.006032779;0.012784673;0.40641734
940;0.012250512;0.006646518;0.405003611
939;0.017379734;-8.22E-05;0.403641792
938;0.02096469;-0.006803632;0.402363803
937;0.022686841;-0.012920521;0.401199599
936;0.022393167;-0.017889366;0.400176467
935;0.020109762;-0.021268663;0.399318388
934;0.016039516;-0.022758145;0.398645477
933;0.010544089;-0.022225466;0.398173504
932;0.004111773;-0.019717957;0.397913533
931;-0.002685892;-0.015458421;0.397871656
930;-0.009244903;-0.009825336;0.398048857
929;-0.014982465;-0.003319228;0.398440981
928;-0.019388769;0.003481809;0.399038837
927;-0.022072295;0.009973472;0.399828412
926;-0.022794601;0.015578948;0.400791199
925;-0.021491507;0.019800166;0.40190463
924;-0.018278798;0.022262052;0.40314261
923;-0.013441938;0.022745858;0.404476119
922;-0.007410702;0.021208594;0.405873901
921;-0.000720994;0.017786853;0.407303195
920;0.006032779;0.012784673;0.408730498
919;0.012250512;0.006646518;0.410122355
918;0.017379734;-8.22E-05;0.411446144
917;0.02096469;-0.006803632;0.412670834
916;0.022686841;-0.012920521;0.413767721
915;0.022393167;-0.017889366;0.414711094
914;0.020109762;-0.021268663;0.415478842
913;0.016039516;-0.022758145;0.416052969
912;0.010544089;-0.022225466;0.416420018
911;0.004111773;-0.019717957;0.416571385
910;-0.002685892;-0.015458421;0.416503524
909;-0.009244903;-0.009825336;0.416218024
908;-0.014982465;-0.003319228;0.415721578
907;-0.019388769;0.003481809;0.415025821
906;-0.022072295;0.009973472;0.414147061
905;-0.022794601;0.015578948;0.413105897
904;-0.021491507;0.019800166;0.411926732
903;-0.018278798;0.022262052;0.410637204
902;-0.013441938;0.022745858;0.409267539
901;-0.007410702;0.021208594;0.407849841
900;-0.000720994;0.017786853;0.40641734
899;0.006032779;0.012784673;0.405003611
898;0.012250512;0.006646518;0.403641792
897;0.017379734;-8.22E-05;0.402363803
896;0.02096469;-0.006803632;0.401199599
895;0.022686841;-0.012920521;0.400176467
894;0.022393167;-0.017889366;0.399318388
893;0.020109762;-0.021268663;0.398645477
892;0.016039516;-0.022758145;0.398173504
891;0.010544089;-0.022225466;0.397913533
890;0.004111773;-0.019717957;0.397871656
889;-0.002685892;-0.015458421;0.398048857
888;-0.009244903;-0.009825336;0.398440981
887;-0.014982465;-0.003319228;0.399038837
886;-0.019388769;0.003481809;0.399828412
885;-0.022072295;0.009973472;0.400791199
884;-0.022794601;0.015578948;0.40190463
883;-0.021491507;0.019800166;0.40314261
882;-0.018278798;0.022262052;0.404476119
881;-0.013441938;0.022745858;0.405873901
880;-0.007410702;0.021208594;0.407303195
879;-0.000720994;0.017786853;0.408730498
878;0.006032779;0.012784673;0.410122355
877;0.012250512;0.006646518;0.411446144
876;0.017379734;-8.22E-05;0.412670834
875;0.02096469;-0.006803632;0.413767721
874;0.022686841;-0.012920521;0.414711094
873;0.022393167;-0.017889366;0.415478842
872;0.020109762;-0.021268663;0.416052969
871;0.016039516;-0.022758145;0.416420018
870;0.010544089;-0.022225466;0.416571385
869;0.004111773;-0.019717957;0.416503524
868;-0.002685892;-0.015458421;0.416218024
867;-0.009244903;-0.009825336;0.415721578
866;-0.014982465;-0.003319228;0.415025821
865;-0.019388769;0.003481809;0.414147061
864;-0.022072295;0.009973472;0.413105897
863;-0.022794601;0.015578948;0.411926732
862;-0.021491507;0.019800166;0.410637204
861;-0.018278798;0.022262052;0.409267539
860;-0.013441938;0.022745858;0.407849841
859;-0.007410702;0.021208594;0.40641734
858;-0.000720994;0.017786853;0.405003611
857;0.006032779;0.012784673;0.403641792
856;0.012250512;0.006646518;0.402363803
855;0.017379734;-8.22E-05;0.401199599
854;0.02096469;-0.006803632;0.400176467
853;0.022686841;-0.012920521;0.399318388
852;0.022393167;-0.017889366;0.398645477
851;0.020109762;-0.021268663;0.398173504
850;0.016039516;-0.022758145;0.397913533
849;0.010544089;-0.022225466;0.397871656
848;0.004111773;-0.019717957;0.398048857
847;-0.002685892;-0.015458421;0.398440981
846;-0.009244903;-0.009825336;0.399038837
845;-0.014982465;-0.003319228;0.399828412
844;-0.019388769;0.003481809;0.400791199
843;-0.022072295;0.009973472;0.40190463
842;-0.022794601;0.015578948;0.40314261
841;-0.021491507;0.019800166;0.404476119
840;-0.018278798;0.022262052;0.405873901
839;-0.013441938;0.022745858;0.407303195
838;-0.007410702;0.021208594;0.408730498
837;-0.000720994;0.017786853;0.410122355
836;0.006032779;0.012784673;0.411446144
835;0.012250512;0.006646518;0.412670834
834;0.017379734;-8.22E-05;0.413767721
833;0.02096469;-0.006803632;0.414711094
832;0.022686841;-0.012920521;0.415478842
831;0.022393167;-0.017889366;0.416052969
830;0.020109762;-0.021268663;0.416420018
829;0.016039516;-0.022758145;0.416571385
828;0.010544089;-0.022225466;0.416503524
827;0.004111773;-0.019717957;0.416218024
826;-0.002685892;-0.015458421;0.415721578
825;-0.009244903;-0.009825336;0.415025821
824;-0.014982465;-0.003319228;0.414147061
823;-0.019388769;0.003481809;0.413105897
822;-0.022072295;0.009973472;0.411926732
821;-0.022794601;0.015578948;0.410637204
820;-0.021491507;0.019800166;0.409267539
819;-0.018278798;0.022262052;0.407849841
818;-0.013441938;0.022745858;0.40641734
817;-0.007410702;0.021208594;0.405003611
816;-0.000720994;0.017786853;0.403641792
815;0.006032779;0.012784673;0.402363803
814;0.012250512;0.006646518;0.401199599
813;0.017379734;-8.22E-05;0.400176467
812;0.02096469;-0.006803632;0.399318388
811;0.022686841;-0.012920521;0.398645477
810;0.022393167;-0.017889366;0.398173504
809;0.020109762;-0.021268663;0.397913533
808;0.016039516;-0.022758145;0.397871656
807;0.010544089;-0.022225466;0.398048857
806;0.004111773;-0.019717957;0.398440981
805;-0.002685892;-0.015458421;0.399038837
804;-0.009244903;-0.009825336;0.399828412
803;-0.014982465;-0.003319228;0.400791199
802;-0.019388769;0.003481809;0.40190463
801;-0.022072295;0.009973472;0.40314261
800;-0.022794601;0.015578948;0.404476119
799;-0.021491507;0.019800166;0.405873901
798;-0.018278798;0.022262052;0.407303195
797;-0.013441938;0.022745858;0.408730498
796;-0.007410702;0.021208594;0.410122355
795;-0.000720994;0.017786853;0.411446144
794;0.006032779;0.012784673;0.412670834
793;0.012250512;0.006646518;0.413767721
792;0.017379734;-8.22E-05;0.414711094
791;0.02096469;-0.006803632;0.415478842
790;0.022686841;-0.012920521;0.416052969
789;0.022393167;-0.017889366;0.416420018
788;0.020109762;-0.021268663;0.416571385
787;0.016039516;-0.022758145;0.416503524
786;0.010544089;-0.022225466;0.416218024
785;0.004111773;-0.019717957;0.415721578
784;-0.002685892;-0.015458421;0.415025821
783;-0.009244903;-0.009825336;0.414147061
782;-0.014982465;-0.003319228;0.413105897
781;-0.019388769;0.003481809;0.411926732
780;-0.022072295;0.009973472;0.410637204
779;-0.022794601;0.015578948;0.409267539
778;-0.021491507;0.019800166;0.407849841
777;-0.018278798;0.022262052;0.40641734
776;-0.013441938;0.022745858;0.405003611
775;-0.007410702;0.021208594;0.403641792
774;-0.000720994;0.017786853;0.402363803
773;0.006032779;0.012784673;0.401199599
772;0.012250512;0.006646518;0.400176467
771;0.017379734;-8.22E-05;0.399318388
770;0.02096469;-0.006803632;0.398645477
769;0.022686841;-0.012920521;0.398173504
768;0.022393167;-0.017889366;0.397913533
767;0.020109762;-0.021268663;0.397871656
766;0.016039516;-0.022758145;0.398048857
765;0.010544089;-0.022225466;0.398440981
764;0.004111773;-0.019717957;0.399038837
763;-0.002685892;-0.015458421;0.399828412
762;-0.009244903;-0.009825336;0.400791199
761;-0.014982465;-0.003319228;0.40190463
760;-0.019388769;0.003481809;0.40314261
759;-0.022072295;0.009973472;0.404476119
758;-0.022794601;0.015578948;0.405873901
757;-0.021491507;0.019800166;0.407303195
756;-0.018278798;0.022262052;0.408730498
755;-0.013441938;0.022745858;0.410122355
754;-0.007410702;0.021208594;0.411446144
753;-0.000720994;0.017786853;0.412670834
752;0.006032779;0.012784673;0.413767721
751;0.012250512;0.006646518;0.414711094
750;0.017379734;-8.22E-05;0.415478842
749;0.02096469;-0.006803632;0.416052969
748;0.022686841;-0.012920521;0.416420018
747;0.022393167;-0.017889366;0.416571385
746;0.020109762;-0.021268663;0.416503524
745;0.016039516;-0.022758145;0.416218024
744;0.010544089;-0.022225466;0.415721578
743;0.004111773;-0.019717957;0.415025821
742;-0.002685892;-0.015458421;0.414147061
741;-0.009244903;-0.009825336;0.413105897
740;-0.014982465;-0.003319228;0.411926732
739;-0.019388769;0.003481809;0.410637204
738;-0.022072295;0.009973472;0.409267539
737;-0.022794601;0.015578948;0.407849841
736;-0.021491507;0.019800166;0.40641734
735;-0.018278798;0.022262052;0.405003611
734;-0.013441938;0.022745858;0.403641792
733;-0.007410702;0.021208594;0.402363803
732;-0.000720994;0.017786853;0.401199599
731;0.006032779;0.012784673;0.400176467
730;0.012250512;0.006646518;0.399318388
729;0.017379734;-8.22E-05;0.398645477
728;0.02096469;-0.006803632;0.398173504
727;0.022686841;-0.012920521;0.397913533
726;0.022393167;-0.017889366;0.397871656
725;0.020109762;-0.021268663;0.398048857
724;0.016039516;-0.022758145;0.398440981
723;0.010544089;-0.022225466;0.399038837
722;0.004111773;-0.019717957;0.399828412
721;-0.002685892;-0.015458421;0.400791199
720;-0.009244903;-0.009825336;0.40190463
719;-0.014982465;-0.003319228;0.40314261
718;-0.019388769;0.003481809;0.404476119
717;-0.022072295;0.009973472;0.405873901
716;-0.022794601;0.015578948;0.407303195
715;-0.021491507;0.019800166;0.408730498
714;-0.018278798;0.022262052;0.410122355
713;-0.013441938;0.022745858;0.411446144
712;-0.007410702;0.021208594;0.412670834
711;-0.000720994;0.017786853;0.413767721
710;0.006032779;0.012784673;0.414711094
709;0.012250512;0.006646518;0.415478842
708;0.017379734;-8.22E-05;0.416052969
707;0.02096469;-0.006803632;0.416420018
706;0.022686841;-0.012920521;0.416571385
705;0.022393167;-0.017889366;0.416503524
704;0.020109762;-0.021268663;0.416218024
703;0.016039516;-0.022758145;0.415721578
702;0.010544089;-0.022225466;0.415025821
701;0.004111773;-0.019717957;0.414147061
700;-0.002685892;-0.015458421;0.413105897
699;-0.009244903;-0.009825336;0.411926732
698;-0.014982465;-0.003319228;0.410637204
697;-0.019388769;0.003481809;0.409267539
696;-0.022072295;0.009973472;0.407849841
695;-0.022794601;0.015578948;0.40641734
694;-0.021491507;0.019800166;0.405003611
693;-0.018278798;0.022262052;0.403641792
692;-0.013441938;0.022745858;0.402363803
691;-0.007410702;0.021208594;0.401199599
690;-0.000720994;0.017786853;0.400176467
689;0.006032779;0.012784673;0.399318388
688;0.012250512;0.006646518;0.398645477
687;0.017379734;-8.22E-05;0.398173504
686;0.02096469;-0.006803632;0.397913533
685;0.022686841;-0.012920521;0.397871656
684;0.022393167;-0.017889366;0.398048857
683;0.020109762;-0.021268663;0.398440981
682;0.016039516;-0.022758145;0.399038837
681;0.010544089;-0.022225466;0.399828412
680;0.004111773;-0.019717957;0.400791199
679;-0.002685892;-0.015458421;0.40190463
678;-0.009244903;-0.009825336;0.40314261
677;-0.014982465;-0.003319228;0.404476119
676;-0.019388769;0.003481809;0.405873901
675;-0.022072295;0.009973472;0.407303195
674;-0.022794601;0.015578948;0.408730498
673;-0.021491507;0.019800166;0.410122355
672;-0.018278798;0.022262052;0.411446144
671;-0.013441938;0.022745858;0.412670834
670;-0.007410702;0.021208594;0.413767721
669;-0.000720994;0.017786853;0.414711094
668;0.006032779;0.012784673;0.415478842
667;0.012250512;0.006646518;0.416052969
666;0.017379734;-8.22E-05;0.416420018
665;0.02096469;-0.006803632;0.416571385
664;0.022686841;-0.012920521;0.416503524
663;0.022393167;-0.017889366;0.416218024
662;0.020109762;-0.021268663;0.415721578
661;0.016039516;-0.022758145;0.415025821
660;0.010544089;-0.022225466;0.414147061
659;0.004111773;-0.019717957;0.413105897
658;-0.002685892;-0.015458421;0.411926732
657;-0.009244903;-0.009825336;0.410637204
656;-0.014982465;-0.003319228;0.409267539
655;-0.019388769;0.003481809;0.407849841
654;-0.022072295;0.009973472;0.40641734
653;-0.022794601;0.015578948;0.405003611
652;-0.021491507;0.019800166;0.403641792
651;-0.018278798;0.022262052;0.402363803
650;-0.013441938;0.022745858;0.401199599
649;-0.007410702;0.021208594;0.400176467
648;-0.000720994;0.017786853;0.399318388
647;0.006032779;0.012784673;0.398645477
646;0.012250512;0.006646518;0.398173504
645;0.017379734;-8.22E-05;0.397913533
644;0.02096469;-0.006803632;0.397871656
643;0.022686841;-0.012920521;0.398048857
642;0.022393167;-0.017889366;0.398440981
641;0.020109762;-0.021268663;0.399038837
640;0.016039516;-0.022758145;0.399828412
639;0.010544089;-0.022225466;0.400791199
638;0.004111773;-0.019717957;0.40190463
637;-0.002685892;-0.015458421;0.40314261
636;-0.009244903;-0.009825336;0.404476119
635;-0.014982465;-0.003319228;0.405873901
634;-0.019388769;0.003481809;0.407303195
633;-0.022072295;0.009973472;0.408730498
632;-0.022794601;0.015578948;0.410122355
631;-0.021491507;0.019800166;0.411446144
630;-0.018278798;0.022262052;0.412670834
629;-0.013441938;0.022745858;0.413767721
628;-0.007410702;0.021208594;0.414711094
627;-0.000720994;0.017786853;0.415478842
626;0.006032779;0.012784673;0.416052969
625;0.012250512;0.006646518;0.416420018
624;0.017379734;-8.22E-05;0.416571385
623;0.02096469;-0.006803632;0.416503524
622;0.022686841;-0.012920521;0.416218024
621;0.022393167;-0.017889366;0.415721578
620;0.020109762;-0.021268663;0.415025821
619;0.016039516;-0.022758145;0.414147061
618;0.010544089;-0.022225466;0.413105897
617;0.004111773;-0.019717957;0.411926732
616;-0.002685892;-0.015458421;0.410637204
615;-0.009244903;-0.009825336;0.409267539
614;-0.014982465;-0.003319228;0.407849841
613;-0.019388769;0.003481809;0.40641734
612;-0.022072295;0.009973472;0.405003611
611;-0.022794601;0.015578948;0.403641792
610;-0.021491507;0.019800166;0.402363803
609;-0.018278798;0.022262052;0.401199599
608;-0.013441938;0.022745858;0.400176467
607;-0.007410702;0.021208594;0.399318388
606;-0.000720994;0.017786853;0.398645477
605;0.006032779;0.012784673;0.398173504
604;0.012250512;0.006646518;0.397913533
603;0.017379734;-8.22E-05;0.397871656
602;0.02096469;-0.006803632;0.398048857
601;0.022686841;-0.012920521;0.398440981
600;0.022393167;-0.017889366;0.399038837
599;0.020109762;-0.021268663;0.399828412
598;0.016039516;-0.022758145;0.400791199
597;0.010544089;-0.022225466;0.40190463
596;0.004111773;-0.019717957;0.40314261
595;-0.002685892;-0.015458421;0.404476119
594;-0.009244903;-0.009825336;0.405873901
593;-0.014982465;-0.003319228;0.407303195
592;-0.019388769;0.003481809;0.408730498
591;-0.022072295;0.009973472;0.410122355
590;-0.022794601;0.015578948;0.411446144
589;-0.021491507;0.019800166;0.412670834
588;-0.018278798;0.022262052;0.413767721
587;-0.013441938;0.022745858;0.414711094
586;-0.007410702;0.021208594;0.415478842
585;-0.000720994;0.017786853;0.416052969
584;0.006032779;0.012784673;0.416420018
583;0.012250512;0.006646518;0.416571385
582;0.017379734;-8.22E-05;0.416503524
581;0.02096469;-0.006803632;0.416218024
580;0.022686841;-0.012920521;0.415721578
579;0.022393167;-0.017889366;0.415025821
578;0.020109762;-0.021268663;0.414147061
577;0.016039516;-0.022758145;0.413105897
576;0.010544089;-0.022225466;0.411926732
575;0.004111773;-0.019717957;0.410637204
574;-0.002685892;-0.015458421;0.409267539
573;-0.009244903;-0.009825336;0.407849841
572;-0.014982465;-0.003319228;0.40641734
571;-0.019388769;0.003481809;0.405003611
570;-0.022072295;0.009973472;0.403641792
569;-0.022794601;0.015578948;0.402363803
568;-0.021491507;0.019800166;0.401199599
567;-0.018278798;0.022262052;0.400176467
566;-0.013441938;0.022745858;0.399318388
565;-0.007410702;0.021208594;0.398645477
564;-0.000720994;0.017786853;0.398173504
563;0.006032779;0.012784673;0.397913533
562;0.012250512;0.006646518;0.397871656
561;0.017379734;-8.22E-05;0.398048857
560;0.02096469;-0.006803632;0.398440981
559;0.022686841;-0.012920521;0.399038837
558;0.022393167;-0.017889366;0.399828412
557;0.020109762;-0.021268663;0.400791199
556;0.016039516;-0.022758145;0.40190463
555;0.010544089;-0.022225466;0.40314261
554;0.004111773;-0.019717957;0.404476119
553;-0.002685892;-0.015458421;0.405873901
552;-0.009244903;-0.009825336;0.407303195
551;-0.014982465;-0.003319228;0.408730498
550;-0.019388769;0.003481809;0.410122355
549;-0.022072295;0.009973472;0.411446144
548;-0.022794601;0.015578948;0.412670834
547;-0.021491507;0.019800166;0.413767721
546;-0.018278798;0.022262052;0.414711094
545;-0.013441938;0.022745858;0.415478842
544;-0.007410702;0.021208594;0.416052969
543;-0.000720994;0.017786853;0.416420018
542;0.006032779;0.012784673;0.416571385
541;0.012250512;0.006646518;0.416503524
540;0.017379734;-8.22E-05;0.416218024
539;0.02096469;-0.006803632;0.415721578
538;0.022686841;-0.012920521;0.415025821
537;0.022393167;-0.017889366;0.414147061
536;0.020109762;-0.021268663;0.413105897
535;0.016039516;-0.022758145;0.411926732
534;0.010544089;-0.022225466;0.410637204
533;0.004111773;-0.019717957;0.409267539
532;-0.002685892;-0.015458421;0.407849841
531;-0.009244903;-0.009825336;0.40641734
530;-0.014982465;-0.003319228;0.405003611
529;-0.019388769;0.003481809;0.403641792
528;-0.022072295;0.009973472;0.402363803
527;-0.022794601;0.015578948;0.401199599
526;-0.021491507;0.019800166;0.400176467
525;-0.018278798;0.022262052;0.399318388
524;-0.013441938;0.022745858;0.398645477
523;-0.007410702;0.021208594;0.398173504
522;-0.000720994;0.017786853;0.397913533
521;0.006032779;0.012784673;0.397871656
520;0.012250512;0.006646518;0.398048857
519;0.017379734;-8.22E-05;0.398440981
518;0.02096469;-0.006803632;0.399038837
517;0.022686841;-0.012920521;0.399828412
516;0.022393167;-0.017889366;0.400791199
515;0.020109762;-0.021268663;0.40190463
514;0.016039516;-0.022758145;0.40314261
513;0.010544089;-0.022225466;0.404476119
512;0.004111773;-0.019717957;0.405873901
511;-0.002685892;-0.015458421;0.407303195
510;-0.009244903;-0.009825336;0.408730498
509;-0.014982465;-0.003319228;0.410122355
508;-0.019388769;0.003481809;0.411446144
507;-0.022072295;0.009973472;0.412670834
506;-0.022794601;0.015578948;0.413767721
505;-0.021491507;0.019800166;0.414711094
504;-0.018278798;0.022262052;0.415478842
503;-0.013441938;0.022745858;0.416052969
502;-0.007410702;0.021208594;0.416420018
501;-0.000720994;0.017786853;0.416571385
500;0.006032779;0.012784673;0.416503524
499;0.012250512;0.006646518;0.416218024
498;0.017379734;-8.22E-05;0.415721578
497;0.02096469;-0.006803632;0.415025821
496;0.022686841;-0.012920521;0.414147061
495;0.022393167;-0.017889366;0.413105897
494;0.020109762;-0.021268663;0.411926732
493;0.016039516;-0.022758145;0.410637204
492;0.010544089;-0.022225466;0.409267539
491;0.004111773;-0.019717957;0.407849841
490;-0.002685892;-0.015458421;0.40641734
489;-0.009244903;-0.009825336;0.405003611
488;-0.014982465;-0.003319228;0.403641792
487;-0.019388769;0.003481809;0.402363803
486;-0.022072295;0.009973472;0.401199599
485;-0.022794601;0.015578948;0.400176467
484;-0.021491507;0.019800166;0.399318388
483;-0.018278798;0.022262052;0.398645477
482;-0.013441938;0.022745858;0.398173504
481;-0.007410702;0.021208594;0.397913533
480;-0.000720994;0.017786853;0.397871656
479;0.006032779;0.012784673;0.398048857
478;0.012250512;0.006646518;0.398440981
477;0.017379734;-8.22E-05;0.399038837
476;0.02096469;-0.006803632;0.399828412
475;0.022686841;-0.012920521;0.400791199
474;0.022393167;-0.017889366;0.40190463
473;0.020109762;-0.021268663;0.40314261
472;0.016039516;-0.022758145;0.404476119
471;0.010544089;-0.022225466;0.405873901
470;0.004111773;-0.019717957;0.407303195
469;-0.002685892;-0.015458421;0.408730498
468;-0.009244903;-0.009825336;0.410122355
467;-0.014982465;-0.003319228;0.411446144
466;-0.019388769;0.003481809;0.412670834
465;-0.022072295;0.009973472;0.413767721
464;-0.022794601;0.015578948;0.414711094
463;-0.021491507;0.019800166;0.415478842
462;-0.018278798;0.022262052;0.416052969
461;-0.013441938;0.022745858;0.416420018
460;-0.007410702;0.021208594;0.416571385
459;-0.000720994;0.017786853;0.416503524
458;0.006032779;0.012784673;0.416218024
457;0.012250512;0.006646518;0.415721578
456;0.017379734;-8.22E-05;0.415025821
455;0.02096469;-0.006803632;0.414147061
454;0.022686841;-0.012920521;0.413105897
453;0.022393167;-0.017889366;0.411926732
452;0.020109762;-0.021268663;0.410637204
451;0.016039516;-0.022758145;0.409267539
450;0.010544089;-0.022225466;0.407849841
449;0.004111773;-0.019717957;0.40641734
448;-0.002685892;-0.015458421;0.405003611
447;-0.009244903;-0.009825336;0.403641792
446;-0.014982465;-0.003319228;0.402363803
445;-0.019388769;0.003481809;0.401199599
444;-0.022072295;0.009973472;0.400176467
443;-0.022794601;0.015578948;0.399318388
442;-0.021491507;0.019800166;0.398645477
441;-0.018278798;0.022262052;0.398173504
440;-0.013441938;0.022745858;0.397913533
439;-0.007410702;0.021208594;0.397871656
438;-0.000720994;0.017786853;0.398048857
437;0.006032779;0.012784673;0.398440981
436;0.012250512;0.006646518;0.399038837
435;0.017379734;-8.22E-05;0.399828412
434;0.02096469;-0.006803632;0.400791199
433;0.022686841;-0.012920521;0.40190463
432;0.022393167;-0.017889366;0.40314261
431;0.020109762;-0.021268663;0.404476119
430;0.016039516;-0.022758145;0.405873901
429;0.010544089;-0.022225466;0.407303195
428;0.004111773;-0.019717957;0.408730498
427;-0.002685892;-0.015458421;0.410122355
426;-0.009244903;-0.009825336;0.411446144
425;-0.014982465;-0.003319228;0.412670834
424;-0.019388769;0.003481809;0.413767721
423;-0.022072295;0.009973472;0.414711094
422;-0.022794601;0.015578948;0.415478842
421;-0.021491507;0.019800166;0.416052969
420;-0.018278798;0.022262052;0.416420018
419;-0.013441938;0.022745858;0.416571385
418;-0.007410702;0.021208594;0.416503524
417;-0.000720994;0.017786853;0.416218024
416;0.006032779;0.012784673;0.415721578
415;0.012250512;0.006646518;0.415025821
414;0.017379734;-8.22E-05;0.414147061
413;0.02096469;-0.006803632;0.413105897
412;0.022686841;-0.012920521;0.411926732
411;0.022393167;-0.017889366;0.410637204
410;0.020109762;-0.021268663;0.409267539
409;0.016039516;-0.022758145;0.407849841
408;0.010544089;-0.022225466;0.40641734
407;0.004111773;-0.019717957;0.405003611
406;-0.002685892;-0.015458421;0.403641792
405;-0.009244903;-0.009825336;0.402363803
404;-0.014982465;-0.003319228;0.401199599
403;-0.019388769;0.003481809;0.400176467
402;-0.022072295;0.009973472;0.399318388
401;-0.022794601;0.015578948;0.398645477
400;-0.021491507;0.019800166;0.398173504
399;-0.018278798;0.022262052;0.397913533
398;-0.013441938;0.022745858;0.397871656
397;-0.007410702;0.021208594;0.398048857
396;-0.000720994;0.017786853;0.398440981
395;0.006032779;0.012784673;0.399038837
394;0.012250512;0.006646518;0.399828412
393;0.017379734;-8.22E-05;0.400791199
392;0.02096469;-0.006803632;0.40190463
391;0.022686841;-0.012920521;0.40314261
390;0.022393167;-0.017889366;0.404476119
389;0.020109762;-0.021268663;0.405873901
388;0.016039516;-0.022758145;0.407303195
387;0.010544089;-0.022225466;0.408730498
386;0.004111773;-0.019717957;0.410122355
385;-0.002685892;-0.015458421;0.411446144
384;-0.009244903;-0.009825336;0.412670834
383;-0.014982465;-0.003319228;0.413767721
382;-0.019388769;0.003481809;0.414711094
381;-0.022072295;0.009973472;0.415478842
380;-0.022794601;0.015578948;0.416052969
379;-0.021491507;0.019800166;0.416420018
378;-0.018278798;0.022262052;0.416571385
377;-0.013441938;0.022745858;0.416503524
376;-0.007410702;0.021208594;0.416218024
375;-0.000720994;0.017786853;0.415721578
374;0.006032779;0.012784673;0.415025821
373;0.012250512;0.006646518;0.414147061
372;0.017379734;-8.22E-05;0.413105897
371;0.02096469;-0.006803632;0.411926732
370;0.022686841;-0.012920521;0.410637204
369;0.022393167;-0.017889366;0.409267539
368;0.020109762;-0.021268663;0.407849841
367;0.016039516;-0.022758145;0.40641734
366;0.010544089;-0.022225466;0.405003611
365;0.004111773;-0.019717957;0.403641792
364;-0.002685892;-0.015458421;0.402363803
363;-0.009244903;-0.009825336;0.401199599
362;-0.014982465;-0.003319228;0.400176467
361;-0.019388769;0.003481809;0.399318388
360;-0.022072295;0.009973472;0.398645477
359;-0.022794601;0.015578948;0.398173504
358;-0.021491507;0.019800166;0.397913533
357;-0.018278798;0.022262052;0.397871656
356;-0.013441938;0.022745858;0.398048857
355;-0.007410702;0.021208594;0.398440981
354;-0.000720994;0.017786853;0.399038837
353;0.006032779;0.012784673;0.399828412
352;0.012250512;0.006646518;0.400791199
351;0.017379734;-8.22E-05;0.40190463
350;0.02096469;-0.006803632;0.40314261
349;0.022686841;-0.012920521;0.404476119
348;0.022393167;-0.017889366;0.405873901
347;0.020109762;-0.021268663;0.407303195
346;0.016039516;-0.022758145;0.408730498
345;0.010544089;-0.022225466;0.410122355
344;0.004111773;-0.019717957;0.411446144
343;-0.002685892;-0.015458421;0.412670834
342;-0.009244903;-0.009825336;0.413767721
341;-0.014982465;-0.003319228;0.414711094
340;-0.019388769;0.003481809;0.415478842
339;-0.022072295;0.009973472;0.416052969
338;-0.022794601;0.015578948;0.416420018
337;-0.021491507;0.019800166;0.416571385
336;-0.018278798;0.022262052;0.416503524
335;-0.013441938;0.022745858;0.416218024
334;-0.007410702;0.021208594;0.415721578
333;-0.000720994;0.017786853;0.415025821
332;0.006032779;0.012784673;0.414147061
331;0.012250512;0.006646518;0.413105897
330;0.017379734;-8.22E-05;0.411926732
329;0.02096469;-0.006803632;0.410637204
328;0.022686841;-0.012920521;0.409267539
327;0.022393167;-0.017889366;0.407849841
326;0.020109762;-0.021268663;0.40641734
325;0.016039516;-0.022758145;0.405003611
324;0.010544089;-0.022225466;0.403641792
323;0.004111773;-0.019717957;0.402363803
322;-0.002685892;-0.015458421;0.401199599
321;-0.009244903;-0.009825336;0.400176467
320;-0.014982465;-0.003319228;0.399318388
319;-0.019388769;0.003481809;0.398645477
318;-0.022072295;0.009973472;0.398173504
317;-0.022794601;0.015578948;0.397913533
316;-0.021491507;0.019800166;0.397871656
315;-0.018278798;0.022262052;0.398048857
314;-0.013441938;0.022745858;0.398440981
313;-0.007410702;0.021208594;0.399038837
312;-0.000720994;0.017786853;0.399828412
311;0.006032779;0.012784673;0.400791199
310;0.012250512;0.006646518;0.40190463
309;0.017379734;-8.22E-05;0.40314261
308;0.02096469;-0.006803632;0.404476119
307;0.022686841;-0.012920521;0.405873901
306;0.022393167;-0.017889366;0.407303195
305;0.020109762;-0.021268663;0.408730498
304;0.016039516;-0.022758145;0.410122355
303;0.010544089;-0.022225466;0.411446144
302;0.004111773;-0.019717957;0.412670834
301;-0.002685892;-0.015458421;0.413767721
300;-0.009244903;-0.009825336;0.414711094
299;-0.014982465;-0.003319228;0.415478842
298;-0.019388769;0.003481809;0.416052969
297;-0.022072295;0.009973472;0.416420018
296;-0.022794601;0.015578948;0.416571385
295;-0.021491507;0.019800166;0.416503524
294;-0.018278798;0.022262052;0.416218024
293;-0.013441938;0.022745858;0.415721578
292;-0.007410702;0.021208594;0.415025821
291;-0.000720994;0.017786853;0.414147061
290;0.006032779;0.012784673;0.413105897
289;0.012250512;0.006646518;0.411926732
288;0.017379734;-8.22E-05;0.410637204
287;0.02096469;-0.006803632;0.409267539
286;0.022686841;-0.012920521;0.407849841
285;0.022393167;-0.017889366;0.40641734
284;0.020109762;-0.021268663;0.405003611
283;0.016039516;-0.022758145;0.403641792
282;0.010544089;-0.022225466;0.402363803
281;0.004111773;-0.019717957;0.401199599
280;-0.002685892;-0.015458421;0.400176467
279;-0.009244903;-0.009825336;0.399318388
278;-0.014982465;-0.003319228;0.398645477
277;-0.019388769;0.003481809;0.398173504
276;-0.022072295;0.009973472;0.397913533
275;-0.022794601;0.015578948;0.397871656
274;-0.021491507;0.019800166;0.398048857
273;-0.018278798;0.022262052;0.398440981
272;-0.013441938;0.022745858;0.399038837
271;-0.007410702;0.021208594;0.399828412
270;-0.000720994;0.017786853;0.400791199
269;0.006032779;0.012784673;0.40190463
268;0.012250512;0.006646518;0.40314261
267;0.017379734;-8.22E-05;0.404476119
266;0.02096469;-0.006803632;0.405873901
265;0.022686841;-0.012920521;0.407303195
264;0.022393167;-0.017889366;0.408730498
263;0.020109762;-0.021268663;0.410122355
262;0.016039516;-0.022758145;0.411446144
261;0.010544089;-0.022225466;0.412670834
260;0.004111773;-0.019717957;0.413767721
259;-0.002685892;-0.015458421;0.414711094
258;-0.009244903;-0.009825336;0.415478842
257;-0.014982465;-0.003319228;0.416052969
256;-0.019388769;0.003481809;0.416420018
255;-0.022072295;0.009973472;0.416571385
254;-0.022794601;0.015578948;0.416503524
253;-0.021491507;0.019800166;0.416218024
252;-0.018278798;0.022262052;0.415721578
251;-0.013441938;0.022745858;0.415025821
250;-0.007410702;0.021208594;0.414147061
249;-0.000720994;0.017786853;0.413105897
248;0.006032779;0.012784673;0.411926732
247;0.012250512;0.006646518;0.410637204
246;0.017379734;-8.22E-05;0.409267539
245;0.02096469;-0.006803632;0.407849841
244;0.022686841;-0.012920521;0.40641734
243;0.022393167;-0.017889366;0.405003611
242;0.020109762;-0.021268663;0.403641792
241;0.016039516;-0.022758145;0.402363803
240;0.010544089;-0.022225466;0.401199599
239;0.004111773;-0.019717957;0.400176467
238;-0.002685892;-0.015458421;0.399318388
237;-0.009244903;-0.009825336;0.398645477
236;-0.014982465;-0.003319228;0.398173504
235;-0.019388769;0.003481809;0.397913533
234;-0.022072295;0.009973472;0.397871656
233;-0.022794601;0.015578948;0.398048857
232;-0.021491507;0.019800166;0.398440981
231;-0.018278798;0.022262052;0.399038837
230;-0.013441938;0.022745858;0.399828412
229;-0.007410702;0.021208594;0.400791199
228;-0.000720994;0.017786853;0.40190463
227;0.006032779;0.012784673;0.40314261
226;0.012250512;0.006646518;0.404476119
225;0.017379734;-8.22E-05;0.405873901
224;0.02096469;-0.006803632;0.407303195
223;0.022686841;-0.012920521;0.408730498
222;0.022393167;-0.017889366;0.410122355
221;0.020109762;-0.021268663;0.411446144
220;0.016039516;-0.022758145;0.412670834
219;0.010544089;-0.022225466;0.413767721
218;0.004111773;-0.019717957;0.414711094
217;-0.002685892;-0.015458421;0.415478842
216;-0.009244903;-0.009825336;0.416052969
215;-0.014982465;-0.003319228;0.416420018
214;-0.019388769;0.003481809;0.416571385
213;-0.022072295;0.009973472;0.416503524
212;-0.022794601;0.015578948;0.416218024
211;-0.021491507;0.019800166;0.415721578
210;-0.018278798;0.022262052;0.415025821
209;-0.013441938;0.022745858;0.414147061
208;-0.007410702;0.021208594;0.413105897
207;-0.000720994;0.017786853;0.411926732
206;0.006032779;0.012784673;0.410637204
205;0.012250512;0.006646518;0.409267539
204;0.017379734;-8.22E-05;0.407849841
203;0.02096469;-0.006803632;0.40641734
202;0.022686841;-0.012920521;0.405003611
201;0.022393167;-0.017889366;0.403641792
200;0.020109762;-0.021268663;0.402363803
199;0.016039516;-0.022758145;0.401199599
198;0.010544089;-0.022225466;0.400176467
197;0.004111773;-0.019717957;0.399318388
196;-0.002685892;-0.015458421;0.398645477
195;-0.009244903;-0.009825336;0.398173504
194;-0.014982465;-0.003319228;0.397913533
193;-0.019388769;0.003481809;0.397871656
192;-0.022072295;0.009973472;0.398048857
191;-0.022794601;0.015578948;0.398440981
190;-0.021491507;0.019800166;0.399038837
189;-0.018278798;0.022262052;0.399828412
188;-0.013441938;0.022745858;0.400791199
187;-0.007410702;0.021208594;0.40190463
186;-0.000720994;0.017786853;0.40314261
185;0.006032779;0.012784673;0.404476119
184;0.012250512;0.006646518;0.405873901
183;0.017379734;-8.22E-05;0.407303195
182;0.02096469;-0.006803632;0.408730498
181;0.022686841;-0.012920521;0.410122355
180;0.022393167;-0.017889366;0.411446144
179;0.020109762;-0.021268663;0.412670834
178;0.016039516;-0.022758145;0.413767721
177;0.010544089;-0.022225466;0.414711094
176;0.004111773;-0.019717957;0.415478842
175;-0.002685892;-0.015458421;0.416052969
174;-0.009244903;-0.009825336;0.416420018
173;-0.014982465;-0.003319228;0.416571385
172;-0.019388769;0.003481809;0.416503524
171;-0.022072295;0.009973472;0.416218024
170;-0.022794601;0.015578948;0.415721578
169;-0.021491507;0.019800166;0.415025821
168;-0.018278798;0.022262052;0.414147061
167;-0.013441938;0.022745858;0.413105897
166;-0.007410702;0.021208594;0.411926732
165;-0.000720994;0.017786853;0.410637204
164;0.006032779;0.012784673;0.409267539
163;0.012250512;0.006646518;0.407849841
162;0.017379734;-8.22E-05;0.40641734
161;0.02096469;-0.006803632;0.405003611
160;0.022686841;-0.012920521;0.403641792
159;0.022393167;-0.017889366;0.402363803
158;0.020109762;-0.021268663;0.401199599
157;0.016039516;-0.022758145;0.400176467
156;0.010544089;-0.022225466;0.399318388
155;0.004111773;-0.019717957;0.398645477
154;-0.002685892;-0.015458421;0.398173504
153;-0.009244903;-0.009825336;0.397913533
152;-0.014982465;-0.003319228;0.397871656
151;-0.019388769;0.003481809;0.398048857
150;-0.022072295;0.009973472;0.398440981
149;-0.022794601;0.015578948;0.399038837
148;-0.021491507;0.019800166;0.399828412
147;-0.018278798;0.022262052;0.400791199
146;-0.013441938;0.022745858;0.40190463
145;-0.007410702;0.021208594;0.40314261
144;-0.000720994;0.017786853;0.404476119
143;0.006032779;0.012784673;0.405873901
142;0.012250512;0.006646518;0.407303195
141;0.017379734;-8.22E-05;0.408730498
140;0.02096469;-0.006803632;0.410122355
139;0.022686841;-0.012920521;0.411446144
138;0.022393167;-0.017889366;0.412670834
137;0.020109762;-0.021268663;0.413767721
136;0.016039516;-0.022758145;0.414711094
135;0.010544089;-0.022225466;0.415478842
134;0.004111773;-0.019717957;0.416052969
133;-0.002685892;-0.015458421;0.416420018
132;-0.009244903;-0.009825336;0.416571385
131;-0.014982465;-0.003319228;0.416503524
130;-0.019388769;0.003481809;0.416218024
129;-0.022072295;0.009973472;0.415721578
128;-0.022794601;0.015578948;0.415025821
127;-0.021491507;0.019800166;0.414147061
126;-0.018278798;0.022262052;0.413105897
125;-0.013441938;0.022745858;0.411926732
124;-0.007410702;0.021208594;0.410637204
123;-0.000720994;0.017786853;0.409267539
122;0.006032779;0.012784673;0.407849841
121;0.012250512;0.006646518;0.40641734
120;0.017379734;-8.22E-05;0.405003611
119;0.02096469;-0.006803632;0.403641792
118;0.022686841;-0.012920521;0.402363803
117;0.022393167;-0.017889366;0.401199599
116;0.020109762;-0.021268663;0.400176467
115;0.016039516;-0.022758145;0.399318388
114;0.010544089;-0.022225466;0.398645477
113;0.004111773;-0.019717957;0.398173504
112;-0.002685892;-0.015458421;0.397913533
111;-0.009244903;-0.009825336;0.397871656
110;-0.014982465;-0.003319228;0.398048857
109;-0.019388769;0.003481809;0.398440981
108;-0.022072295;0.009973472;0.399038837
107;-0.022794601;0.015578948;0.399828412
106;-0.021491507;0.019800166;0.400791199
105;-0.018278798;0.022262052;0.40190463
104;-0.013441938;0.022745858;0.40314261
103;-0.007410702;0.021208594;0.404476119
102;-0.000720994;0.017786853;0.405873901
101;0.006032779;0.012784673;0.407303195
100;0.012250512;0.006646518;0.408730498
99;0.017379734;-8.22E-05;0.410122355
98;0.02096469;-0.006803632;0.411446144
97;0.022686841;-0.012920521;0.412670834
96;0.022393167;-0.017889366;0.413767721
95;0.020109762;-0.021268663;0.414711094
94;0.016039516;-0.022758145;0.415478842
93;0.010544089;-0.022225466;0.416052969
92;0.004111773;-0.019717957;0.416420018
91;-0.002685892;-0.015458421;0.416571385
90;-0.009244903;-0.009825336;0.416503524
89;-0.014982465;-0.003319228;0.416218024
88;-0.019388769;0.003481809;0.415721578
87;-0.022072295;0.009973472;0.415025821
86;-0.022794601;0.015578948;0.414147061
85;-0.021491507;0.019800166;0.413105897
84;-0.018278798;0.022262052;0.411926732
83;-0.013441938;0.022745858;0.410637204
82;-0.007410702;0.021208594;0.409267539
81;-0.000720994;0.017786853;0.407849841
80;0.006032779;0.012784673;0.40641734
79;0.012250512;0.006646518;0.405003611
78;0.017379734;-8.22E-05;0.403641792
77;0.02096469;-0.006803632;0.402363803
76;0.022686841;-0.012920521;0.401199599
75;0.022393167;-0.017889366;0.400176467
74;0.020109762;-0.021268663;0.399318388
73;0.016039516;-0.022758145;0.398645477
72;0.010544089;-0.022225466;0.398173504
71;0.004111773;-0.019717957;0.397913533
70;-0.002685892;-0.015458421;0.397871656
69;-0.009244903;-0.009825336;0.398048857
68;-0.014982465;-0.003319228;0.398440981
67;-0.019388769;0.003481809;0.399038837
66;-0.022072295;0.009973472;0.399828412
65;-0.022794601;0.015578948;0.400791199
64;-0.021491507;0.019800166;0.40190463
63;-0.018278798;0.022262052;0.40314261
62;-0.013441938;0.022745858;0.404476119
61;-0.007410702;0.021208594;0.405873901
60;-0.000720994;0.017786853;0.407303195
59;0.006032779;0.012784673;0.408730498
58;0.012250512;0.006646518;0.410122355
57;0.017379734;-8.22E-05;0.411446144
56;0.02096469;-0.006803632;0.412670834
55;0.022686841;-0.012920521;0.413767721
54;0.022393167;-0.017889366;0.414711094
53;0.020109762;-0.021268663;0.415478842
52;0.016039516;-0.022758145;0.416052969
51;0.010544089;-0.022225466;0.416420018
50;0.004111773;-0.019717957;0.416571385
49;-0.002685892;-0.015458421;0.416503524
48;-0.009244903;-0.009825336;0.416218024
47;-0.014982465;-0.003319228;0.415721578
46;-0.019388769;0.003481809;0.415025821
45;-0.022072295;0.009973472;0.414147061
44;-0.022794601;0.015578948;0.413105897
43;-0.021491507;0.019800166;0.411926732
42;-0.018278798;0.022262052;0.410637204
41;-0.013441938;0.022745858;0.409267539
40;-0.007410702;0.021208594;0.407849841
39;-0.000720994;0.017786853;0.40641734
38;0.006032779;0.012784673;0.405003611
37;0.012250512;0.006646518;0.403641792
36;0.017379734;-8.22E-05;0.402363803
35;0.02096469;-0.006803632;0.401199599
34;0.022686841;-0.012920521;0.400176467
33;0.022393167;-0.017889366;0.399318388
32;0.020109762;-0.021268663;0.398645477
31;0.016039516;-0.022758145;0.398173504
30;0.010544089;-0.022225466;0.397913533
29;0.004111773;-0.019717957;0.397871656
28;-0.002685892;-0.015458421;0.398048857
27;-0.009244903;-0.009825336;0.398440981
26;-0.014982465;-0.003319228;0.399038837
25;-0.019388769;0.003481809;0.399828412
24;-0.022072295;0.009973472;0.400791199
23;-0.022794601;0.015578948;0.40190463
22;-0.021491507;0.019800166;0.40314261
21;-0.018278798;0.022262052;0.404476119
20;-0.013441938;0.022745858;0.405873901
19;-0.007410702;0.021208594;0.407303195
18;-0.000720994;0.017786853;0.408730498
17;0.006032779;0.012784673;0.410122355
16;0.012250512;0.006646518;0.411446144
15;0.017379734;-8.22E-05;0.412670834
14;0.02096469;-0.006803632;0.413767721
13;0.022686841;-0.012920521;0.414711094
12;0.022393167;-0.017889366;0.415478842
11;0.020109762;-0.021268663;0.416052969
10;0.016039516;-0.022758145;0.416420018
9;0.010544089;-0.022225466;0.416571385
8;0.004111773;-0.019717957;0.416503524
7;-0.002685892;-0.015458421;0.416218024
6;-0.009244903;-0.009825336;0.415721578
5;-0.014982465;-0.003319228;0.415025821
4;-0.019388769;0.003481809;0.414147061
3;-0.022072295;0.009973472;0.413105897
2;-0.022794601;0.015578948;0.411926732
1;-0.021491507;0.019800166;0.410637204
0;-0.018278798;0.022262052;0.409267539
