2000;0.008664;-0.010660219;0.394623
1999;0.004135;-0.012447137;0.39516
1998;-0.000552;-0.012438758;0.395934
1997;-0.004805;-0.01082554;0.396931
1996;-0.008155;-0.007938711;0.398137
1995;-0.010034;-0.00401643;0.399529
1994;-0.010453;0.000144593;0.401085
1993;-0.009258;0.004091982;0.402778
1992;-0.006691;0.007311528;0.404574
1991;-0.003183;0.009272914;0.406438
1990;0.000804;0.0097479;0.408335
1989;0.004744;0.008743979;0.410219
1988;0.007986;0.006297039;0.412054
1987;0.010155;0.002696854;0.413798
1986;0.010873;-0.001409669;0.41541
1985;0.010019;-0.005724348;0.41686
1984;0.007561;-0.009513274;0.418114
1983;0.003893;-0.012249251;0.419141
1982;-0.000777;-0.013625864;0.419925
1981;-0.005746;-0.013290031;0.420447
1980;-0.010481;-0.011151729;0.420692
1979;-0.014398;-0.007455964;0.420654
1978;-0.016976;0.00246478;0.42033
1977;-0.017696;0.003375175;0.419719
1976;-0.016545;0.009274161;0.418833
1975;-0.013339;0.014724419;0.417683
1974;-0.008363;0.019028307;0.416286
1973;-0.002093;0.021576724;0.414674
1972;0.004931;0.02198172;0.412878
1971;0.01201;0.020160853;0.410934
1970;0.018253;0.015956175;0.408891
1969;0.023087;0.009838681;0.406796
1968;0.025827;-0.002342341;0.404695
1967;0.02601;-0.005990775;0.402645
1966;0.02356;-0.014102062;0.400691
1965;0.018599;-0.02123434;0.398878
1964;0.011343;-0.026612467;0.397254
1963;0.002728;-0.029522228;0.395854
1962;-0.006658;-0.029548173;0.394711
1961;-0.015763;-0.026688571;0.393858
1960;-0.023624;-0.020973743;0.393311
1959;-0.029428;-0.012973925;0.393085
1958;-0.032588;0.003477324;0.393188
1957;-0.032578;0.006685953;0.393616
1956;-0.029441;0.016497122;0.394353
1955;-0.023441;0.024889267;0.395382
1954;-0.015015;0.031180029;0.396666
1953;-0.005056;0.034615707;0.398168
1952;0.005522;0.034852258;0.399848
1951;0.015771;0.031938378;0.401653
1950;0.024734;0.026042049;0.403535
1949;0.031432;0.017712245;0.405448
1948;0.035541;0.007782031;0.407344
1947;0.036404;-0.00295827;0.409176
1946;0.034117;-0.013478605;0.410908
1945;0.028867;-0.022891686;0.412501
1944;0.021117;-0.030317538;0.413925
1943;0.011465;-0.035222002;0.415154
1942;0.00095;-0.037069829;0.416163
1941;-0.009718;-0.0358357;0.416939
1940;-0.019568;-0.031571666;0.41747
1939;-0.027665;-0.024682046;0.417749
1938;-0.033498;-0.015747832;0.417779
1937;-0.036536;-0.005602149;0.417564
1936;-0.036438;0.004981956;0.417116
1935;-0.033402;0.015047579;0.416452
1934;-0.027648;0.023764971;0.415595
1933;-0.019586;0.030442671;0.41457
1932;-0.010101;0.034509066;0.413406
1931;0.000095;0.035635873;0.412133
1930;0.01022;0.033838332;0.410783
1929;0.019169;0.029228951;0.409387
1928;0.026441;0.022285644;0.407975
1927;0.031359;0.013647458;0.406579
1926;0.033511;-0.004076204;0.405226
1925;0.032785;-0.005648327;0.403944
1924;0.029472;-0.014536584;0.402758
1923;0.023623;-0.02205024;0.401694
1922;0.016099;-0.027417954;0.400773
1921;0.007496;-0.030346912;0.400014
1920;-0.001492;-0.030637693;0.399433
1919;-0.009936;-0.02838947;0.399041
1918;-0.017175;-0.02387276;0.398841
1917;-0.022766;-0.017621458;0.398835
1916;-0.026142;-0.010248223;0.399017
1915;-0.027211;0.002415492;0.399375
1914;-0.026118;0.005140159;0.399895
1913;-0.022921;0.011856534;0.40056
1912;-0.018153;0.017157187;0.401349
1911;-0.012342;0.020795292;0.402245
1910;-0.005976;0.022494734;0.403225
1909;0.000363;0.022440064;0.404268
1908;0.006041;0.020624485;0.405353
1907;0.010849;0.017550495;0.406455
1906;0.014413;0.013444312;0.40755
1905;0.016528;0.008895961;0.408615
1904;0.017394;0.004183403;0.409623
1903;0.017008;-0.000184437;0.410551
1902;0.015562;-0.004064383;0.411376
1901;0.01348;-0.007194998;0.412078
1900;0.010928;-0.009507578;0.412639
1899;0.008142;-0.011029257;0.413047
1898;0.005471;-0.011884151;0.413293
1897;0.002941;-0.012169672;0.413372
1896;0.000564;-0.01206983;0.413284
1895;-0.001475;-0.011713497;0.413031
1894;-0.003426;-0.011191342;0.41262
1893;-0.005333;-0.010487987;0.412062
1892;-0.007152;-0.009673148;0.411367
1891;-0.009071;-0.008527571;0.41055
1890;-0.011052;-0.007040462;0.409627
1889;-0.012854;-0.005002153;0.408617
1888;-0.014504;-0.002404743;0.407543
1887;-0.015694;0.00092098;0.40643
1886;-0.016058;0.004693989;0.405303
1885;-0.0155;0.008999107;0.404197
1884;-0.013713;0.0133254;0.403142
1883;-0.010534;0.017420764;0.402168
1882;-0.006059;0.020785916;0.401311
1881;-0.000442;0.022974749;0.400596
1880;0.006099;0.023520098;0.400047
1879;0.012903;0.022179905;0.399684
1878;0.01943;0.018743348;0.399516
1877;0.025143;0.013227156;0.39955
1876;0.029117;0.006001146;0.399786
1875;0.030991;-0.002541052;0.400217
1874;0.030327;-0.01169543;0.400833
1873;0.026814;-0.020605798;0.401619
1872;0.020616;-0.028442168;0.402555
1871;0.012178;-0.034429736;0.40362
1870;0.001857;-0.037678266;0.40479
1869;-0.009237;-0.037910925;0.406033
1868;-0.020277;-0.034738063;0.407319
1867;-0.03025;-0.028273562;0.408613
1866;-0.038102;-0.018980838;0.40988
1865;-0.042983;-0.00749172;0.411085
1864;-0.044436;0.005283456;0.412197
1863;-0.042009;0.018154548;0.413184
1862;-0.035772;0.030050441;0.414022
1861;-0.026264;0.039831418;0.41469
1860;-0.013972;0.046544113;0.415171
1859;-0.00006;0.049421964;0.415455
1858;0.014303;0.048202724;0.415539
1857;0.02796;0.042659705;0.415418
1856;0.039575;0.033320056;0.415097
1855;0.048069;0.020817059;0.41458
1854;0.052642;-0.00620128;0.413876
1853;0.05277;-0.009344645;0.413001
1852;0.048253;-0.024323761;0.411971
1851;0.039545;-0.037567938;0.410806
1850;0.027191;-0.047719864;0.409533
1849;0.012294;-0.053850471;0.408178
1848;-0.003883;-0.055383045;0.406773
1847;-0.019837;-0.05210033;0.405352
1846;-0.034296;-0.044139087;0.403946
1845;-0.045716;-0.032333997;0.402592
1844;-0.053215;-0.017593808;0.401322
1843;-0.056052;0.001207278;0.400163
1842;-0.05388;0.015192694;0.399142
1841;-0.046978;0.030263269;0.398283
1840;-0.035944;0.042662708;0.397601
1839;-0.021777;0.051064337;0.397111
1838;-0.005781;0.055033198;0.396825
1837;0.010498;0.054048917;0.396746
1836;0.025749;0.048282067;0.396877
1835;0.038496;0.038404637;0.39722
1834;0.047659;0.025351056;0.397767
1833;0.052558;0.010222988;0.39851
1832;0.05281;-0.005386553;0.399437
1831;0.048448;-0.020245527;0.400526
1830;0.040166;-0.033066556;0.401756
1829;0.028586;-0.042686397;0.403102
1828;0.01494;-0.048476009;0.404534
1827;0.00048;-0.050104701;0.406023
1826;-0.013637;-0.047447146;0.407541
1825;-0.026151;-0.040986978;0.409057
1824;-0.036071;-0.031492228;0.410543
1823;-0.042779;-0.019635225;0.411974
1822;-0.045757;-0.006762357;0.413322
1821;-0.044982;0.006190679;0.414564
1820;-0.040683;0.018135139;0.415676
1819;-0.033391;0.028167718;0.416632
1818;-0.023752;0.035503509;0.417413
1817;-0.012802;0.039869044;0.418
1816;-0.001299;0.040898376;0.418374
1815;0.009709;0.038753293;0.418525
1814;0.019455;0.033852843;0.418446
1813;0.027221;0.026604682;0.418131
1812;0.032582;0.017732803;0.417586
1811;0.03518;0.008093541;0.416818
1810;0.035085;-0.001633372;0.41584
1809;0.032391;-0.010726871;0.414665
1808;0.027512;-0.018385809;0.413318
1807;0.02092;-0.024324319;0.411817
1806;0.013279;-0.02812145;0.410192
1805;0.005165;-0.029578429;0.408474
1804;-0.002742;-0.028923317;0.406692
1803;-0.009891;-0.026250387;0.404887
1802;-0.015829;-0.021910355;0.403097
1801;-0.020246;-0.016420722;0.401361
1800;-0.022889;-0.010298227;0.399724
1799;-0.023865;-0.003840229;0.39823
1798;-0.023124;0.002184984;0.396913
1797;-0.021026;0.007628238;0.395814
1796;-0.017762;0.01217298;0.394964
1795;-0.013757;0.015504675;0.394381
1794;-0.009267;0.017695291;0.394084
1793;-0.004676;0.018801247;0.394082
1792;-0.000219;0.018716719;0.394367
1791;0.003932;0.017802955;0.394935
1790;0.007604;0.016164828;0.395767
1789;0.010756;0.013823302;0.396838
1788;0.013328;0.011100155;0.398126
1787;0.015346;0.008023638;0.399599
1786;0.016709;0.004571176;0.40122
1785;0.01754;-0.000955383;0.402957
1784;0.017607;-0.002785647;0.404768
1783;0.017023;-0.006732541;0.406608
1782;0.015563;-0.010546707;0.408439
1781;0.013309;-0.014172575;0.410216
1780;0.010068;-0.017500614;0.411892
1779;0.006049;-0.02007443;0.413435
1778;0.001178;-0.021793186;0.414805
1777;-0.004246;-0.02240522;0.415975
1776;-0.009976;-0.021563152;0.416925
1775;-0.015657;-0.019205655;0.41764
1774;-0.020847;-0.01535741;0.418111
1773;-0.025072;-0.009908708;0.41834
1772;-0.027903;0.003235845;0.418329
1771;-0.02892;0.004238873;0.418086
1770;-0.02782;0.012213693;0.417625
1769;-0.024466;0.019880656;0.416959
1768;-0.018924;0.026613842;0.416106
1767;-0.011372;0.031864549;0.415087
1766;-0.002357;0.034881457;0.413924
1765;0.007576;0.035234725;0.412642
1764;0.017556;0.032792214;0.411273
1763;0.026795;0.027346769;0.409847
1762;0.034267;0.019227911;0.408395
1761;0.039389;0.009030814;0.406951
1760;0.041279;-0.002634754;0.405547
1759;0.039774;-0.014655083;0.404211
1758;0.034628;-0.02600432;0.402972
1757;0.02621;-0.03561895;0.401848
1756;0.01502;-0.042559335;0.40086
1755;0.002074;-0.045879146;0.400021
1754;-0.011619;-0.045286221;0.39934
1753;-0.024776;-0.040576923;0.398823
1752;-0.036085;-0.03195033;0.398476
1751;-0.044537;-0.020241538;0.398299
1750;-0.049146;0.006322364;0.398292
1749;-0.049365;0.008567811;0.398453
1748;-0.045125;0.022990196;0.398775
1747;-0.0367;0.035583141;0.399251
1746;-0.02468;0.045276373;0.399871
1745;-0.010368;0.050852835;0.40062
1744;0.005191;0.051970395;0.401485
1743;0.020412;0.048381354;0.402445
1742;0.033867;0.040368039;0.403479
1741;0.044383;0.028617124;0.404566
1740;0.050966;0.014373342;0.405686
1739;0.052917;-0.001301384;0.406817
1738;0.050189;-0.016805876;0.407938
1737;0.042998;-0.03070357;0.409029
1736;0.031949;-0.041921291;0.41007
1735;0.018218;-0.049240933;0.411042
1734;0.003011;-0.052158162;0.411926
1733;-0.012376;-0.050491374;0.412702
1732;-0.026361;-0.044355961;0.413353
1731;-0.0379;-0.034419803;0.413862
1730;-0.045908;-0.021694647;0.414212
1729;-0.049736;0.00725944;0.414394
1728;-0.049124;0.007524921;0.4144
1727;-0.044307;0.021242322;0.414226
1726;-0.035652;0.03287105;0.413874
1725;-0.024165;0.041262742;0.41335
1724;-0.010872;0.045821877;0.412662
1723;0.002969;0.046237776;0.411826
1722;0.016151;0.042632172;0.410858
1721;0.027374;0.035285839;0.409779
1720;0.035865;0.025231171;0.408613
1719;0.040847;0.013226368;0.407389
1718;0.041941;-0.000579262;0.406133
1717;0.039346;-0.011574042;0.404883
1716;0.033312;-0.022150184;0.403672
1715;0.024535;-0.030249932;0.402535
1714;0.014108;-0.035206498;0.401509
1713;0.002876;-0.036707506;0.400628
1712;-0.007968;-0.034856886;0.399921
1711;-0.017404;-0.029903036;0.399415
1710;-0.024694;-0.022570853;0.399129
1709;-0.029303;-0.013691915;0.399075
1708;-0.030826;0.004164248;0.39926
1707;-0.029535;0.005064082;0.399679
1706;-0.025651;0.013028396;0.400323
1705;-0.019706;0.019278698;0.401175
1704;-0.012548;0.023171597;0.40221
1703;-0.004928;0.02465125;0.403398
1702;0.002511;0.023797894;0.404708
1701;0.008876;0.020880789;0.406098
1700;0.013801;0.0163892;0.40753
1699;0.017032;0.010977256;0.408963
1698;0.018236;0.005185748;0.410352
1697;0.017755;-0.000326403;0.411658
1696;0.015734;-0.005100279;0.412841
1695;0.012554;-0.00874219;0.413862
1694;0.008701;-0.011086264;0.414692
1693;0.004755;-0.011959384;0.415304
1692;0.00092;-0.011660764;0.415677
1691;-0.002226;-0.010237795;0.415803
1690;-0.004481;-0.008134433;0.415673
1689;-0.005857;-0.005645686;0.415293
1688;-0.006202;-0.003182772;0.414676
1687;-0.005687;-0.000992754;0.413839
1686;-0.004648;0.000563223;0.412806
1685;-0.003219;0.001480165;0.411605
1684;-0.001728;0.001623471;0.410269
1683;-0.000621;0.001167066;0.40883
1682;0.000117;-0.000216395;0.407328
1681;0.000195;-0.000896027;0.405799
1680;-0.000424;-0.001947376;0.404285
1679;-0.001539;-0.002632087;0.402828
1678;-0.003043;-0.002708805;0.401464
1677;-0.004703;-0.002064046;0.400234
1676;-0.006119;0.000673925;0.399175
1675;-0.006966;0.001423708;0.398315
1674;-0.007177;0.003918418;0.397678
1673;-0.006264;0.006627101;0.397281
1672;-0.004417;0.0090596;0.397128
1671;-0.001672;0.010946038;0.397221
1670;0.001864;0.011836124;0.397551
1669;0.005765;0.011580366;0.3981
1668;0.009531;0.009975833;0.398852
1667;0.01292;0.00708684;0.399779
1666;0.015276;0.003072873;0.400852
1665;0.016304;-0.001715465;0.40205
1664;0.015859;-0.006854695;0.403342
1663;0.013699;-0.011788585;0.404697
1662;0.009956;-0.015977995;0.406093
1661;0.004978;-0.018990391;0.407502
1660;-0.000915;-0.020308398;0.408893
1659;-0.007195;-0.01982367;0.410244
1658;-0.013096;-0.017316533;0.411527
1657;-0.018202;-0.013060689;0.412719
1656;-0.02189;-0.007210555;0.413801
1655;-0.023599;0.000485814;0.41475
1654;-0.023258;0.006779713;0.415552
1653;-0.020676;0.013663825;0.416196
1652;-0.015976;0.019620363;0.416675
1651;-0.009616;0.023962574;0.416984
1650;-0.002129;0.026230742;0.417124
1649;0.005967;0.026077019;0.417095
1648;0.013659;0.023506695;0.416896
1647;0.020358;0.018606672;0.416531
1646;0.025381;0.011783596;0.416003
1645;0.028051;-0.003684924;0.415312
1644;0.028149;-0.005013608;0.414463
1643;0.025642;-0.013429771;0.413458
1642;0.0205;-0.020711057;0.412305
1641;0.01333;-0.026170747;0.411016
1640;0.004809;-0.029182414;0.409608
1639;-0.004441;-0.029394413;0.408101
1638;-0.013286;-0.026698949;0.406525
1637;-0.020904;-0.021403493;0.404905
1636;-0.02661;-0.013805375;0.403272
1635;-0.029597;-0.004894649;0.401662
1634;-0.029616;0.004664001;0.400108
1633;-0.02665;0.013719263;0.398643
1632;-0.020906;0.021435077;0.397301
1631;-0.012952;0.026863675;0.396114
1630;-0.003756;0.029556301;0.395115
1629;0.005905;0.029051958;0.394336
1628;0.014868;0.025501254;0.393808
1627;0.022151;0.019283966;0.393556
1626;0.027046;0.011014949;0.393605
1625;0.028975;-0.001651018;0.393967
1624;0.027714;-0.007760322;0.394643
1623;0.023511;-0.016219675;0.395634
1622;0.016843;-0.022830396;0.396924
1621;0.008351;-0.026746611;0.398485
1620;-0.000791;-0.027814755;0.400284
1619;-0.009748;-0.02575389;0.402277
1618;-0.017459;-0.020931492;0.404415
1617;-0.023143;-0.013949553;0.40665
1616;-0.026132;-0.005579464;0.408923
1615;-0.026356;0.003301683;0.411181
1614;-0.023566;0.011572215;0.413375
1613;-0.018342;0.018503566;0.415445
1612;-0.011225;0.023344481;0.417344
1611;-0.002936;0.025486446;0.41903
1610;0.005517;0.024916523;0.420452
1609;0.013249;0.021652054;0.421578
1608;0.019523;0.015990878;0.422378
1607;0.023588;0.008748212;0.422822
1606;0.025033;-0.00059204;0.422897
1605;0.023815;-0.007667864;0.422601
1604;0.019954;-0.014994649;0.421933
1603;0.013892;-0.020663314;0.420913
1602;0.006389;-0.024129488;0.419567
1601;-0.00194;-0.024857411;0.417922
1600;-0.010048;-0.022892962;0.416027
1599;-0.017088;-0.018363205;0.41393
1598;-0.022281;-0.011727706;0.411678
1597;-0.02509;0.003676964;0.409332
1596;-0.024988;0.004800821;0.406949
1595;-0.022224;0.012932602;0.404584
1594;-0.01678;0.019705571;0.402301
1593;-0.009417;0.024293685;0.400157
1592;-0.00086;0.02631395;0.398205
1591;0.007917;0.025341083;0.396501
1590;0.015979;0.021453066;0.395088
1589;0.022338;0.015180442;0.394
1588;0.02629;0.007058239;0.393266
1587;0.027408;-0.001987948;0.392898
1586;0.025443;-0.010878327;0.392896
1585;0.020685;-0.01870932;0.393249
1584;0.013611;-0.024657816;0.393932
1583;0.004983;-0.027876134;0.394912
1582;-0.004309;-0.02824116;0.396152
1581;-0.013155;-0.025607665;0.397607
1580;-0.020802;-0.020201555;0.39923
1579;-0.026276;-0.012711001;0.400977
1578;-0.029136;0.003901067;0.402797
1577;-0.029055;0.005505466;0.404645
1576;-0.026088;0.014272541;0.406481
1575;-0.020493;0.021727279;0.40826
1574;-0.0129;0.027144666;0.409947
1573;-0.004018;0.02984777;0.411505
1572;0.005296;0.029764513;0.412905
1571;0.014079;0.026857527;0.414121
1570;0.021554;0.021376916;0.415139
1569;0.027049;0.013863896;0.415943
1568;0.029938;0.005175141;0.41653
1567;0.030133;-0.004095169;0.4169
1566;0.027455;-0.012908029;0.417056
1565;0.022306;-0.020459574;0.41701
1564;0.0151;-0.026189757;0.416773
1563;0.006585;-0.029411858;0.416362
1562;-0.002529;-0.029883177;0.415791
1561;-0.011279;-0.027693208;0.415075
1560;-0.018986;-0.022939083;0.414228
1559;-0.024799;-0.016089199;0.413266
1558;-0.028338;-0.007968358;0.412204
1557;-0.029168;0.000903825;0.41106
1556;-0.027364;0.009511698;0.409852
1555;-0.023056;0.017087892;0.408601
1554;-0.016702;0.022956013;0.407327
1553;-0.008954;0.026646842;0.406056
1552;-0.000535;0.027702834;0.404812
1551;0.007716;0.026226505;0.403623
1550;0.015007;0.022403151;0.402509
1549;0.020711;0.016462908;0.401494
1548;0.024268;0.009328032;0.400592
1547;0.02546;-0.001514406;0.399821
1546;0.024154;-0.006175682;0.399197
1545;0.020677;-0.012896117;0.39873
1544;0.015348;-0.018103636;0.398432
1543;0.008845;-0.021442341;0.398317
1542;0.001829;-0.022408482;0.39839
1541;-0.004984;-0.021266791;0.398664
1540;-0.010932;-0.018160512;0.399141
1539;-0.015423;-0.013439491;0.399825
1538;-0.018152;-0.007757093;0.400708
1537;-0.018902;0.001805143;0.401777
1536;-0.017747;0.0039763;0.403008
1535;-0.014985;0.008833787;0.404374
1534;-0.010967;0.012321117;0.405841
1533;-0.006284;0.014363531;0.407366
1532;-0.001414;0.014658961;0.408913
1531;0.002958;0.013424986;0.410436
1530;0.006586;0.011032742;0.411893
1529;0.008908;0.007688291;0.413248
1528;0.009985;0.00400966;0.414466
1527;0.009698;-0.000482593;0.415512
1526;0.008277;-0.00252303;0.416359
1525;0.005996;-0.004676409;0.416979
1524;0.003336;-0.00562751;0.417348
1523;0.000625;-0.005560988;0.417448
1522;-0.001619;-0.004432584;0.417267
1521;-0.003088;-0.002506149;0.416794
1520;-0.0036;0.000240133;0.416031
1519;-0.003018;0.001984495;0.414983
1518;-0.001446;0.003857912;0.413671
1517;0.000841;0.004775513;0.412122
1516;0.003496;0.004663;0.410376
1515;0.006098;0.003418841;0.40848
1514;0.008083;-0.00094454;0.406492
1513;0.009082;-0.002345565;0.40447
1512;0.008808;-0.006062952;0.402476
1511;0.006918;-0.00980639;0.400575
1510;0.003689;-0.012837474;0.398823
1509;-0.000838;-0.014682104;0.397278
1508;-0.006077;-0.014933894;0.395986
1507;-0.011487;-0.013252557;0.394988
1506;-0.016275;-0.009559812;0.394319
1505;-0.019903;-0.004256195;0.394007
1504;-0.021576;0.002417384;0.394065
1503;-0.020984;0.009648677;0.394503
1502;-0.01794;0.01662084;0.395315
1501;-0.012522;0.022571195;0.396482
1500;-0.005156;0.026667126;0.397977
1499;0.003443;0.028232838;0.399756
1498;0.012498;0.026986434;0.401765
1497;0.021044;0.022841835;0.403947
1496;0.028009;0.0159357;0.406228
1495;0.032772;0.007003582;0.408542
1494;0.034537;-0.003338688;0.410824
1493;0.033008;-0.014007012;0.413006
1492;0.028209;-0.024007542;0.415032
1491;0.020415;-0.032211524;0.416855
1490;0.010149;-0.03796486;0.418429
1489;-0.001515;-0.040290527;0.419718
1488;-0.013673;-0.039057893;0.420699
1487;-0.025211;-0.03413407;0.421348
1486;-0.034829;-0.0257967;0.421652
1485;-0.041771;-0.014741749;0.421609
1484;-0.045177;0.001925148;0.421209
1483;-0.044511;0.011609086;0.420468
1482;-0.039857;0.024566887;0.419405
1481;-0.031404;0.035686905;0.418042
1480;-0.019763;0.044003733;0.416416
1479;-0.006045;0.048492674;0.414571
1478;0.00862;0.048649227;0.41255
1477;0.022947;0.044441371;0.410409
1476;0.035383;0.035960324;0.408206
1475;0.044873;0.024002171;0.40599
1474;0.050393;0.009598591;0.403819
1473;0.051289;-0.005950224;0.401742
1472;0.04741;-0.021231644;0.399799
1471;0.039098;-0.034582909;0.398035
1470;0.026946;-0.045000228;0.396485
1469;0.012193;-0.051157002;0.395178
1468;-0.003748;-0.052622695;0.394141
1467;-0.019484;-0.049107983;0.393394
1466;-0.033379;-0.041022885;0.392946
1465;-0.044136;-0.029040306;0.392808
1464;-0.05079;-0.014451627;0.39298
1463;-0.052686;0.001415072;0.393448
1462;-0.049631;0.017111512;0.394206
1461;-0.042123;0.031024379;0.395221
1460;-0.030828;0.041983161;0.396465
1459;-0.016805;0.04893908;0.397909
1458;-0.001589;0.051406447;0.399518
1457;0.0136;0.049172943;0.401256
1456;0.027311;0.042671406;0.403093
1455;0.03826;0.032451517;0.404994
1454;0.045645;0.0196577;0.406928
1453;0.048972;-0.005383354;0.408867
1452;0.047828;-0.008948932;0.410781
1451;0.042759;-0.022211839;0.412639
1450;0.034129;-0.033153626;0.414413
1449;0.022824;-0.041033439;0.416066
1448;0.010004;-0.04524932;0.417569
1447;-0.003228;-0.045517683;0.41889
1446;-0.015837;-0.042064501;0.420004
1445;-0.02663;-0.03525593;0.420888
1444;-0.034844;-0.025794927;0.421525
1443;-0.040027;-0.014653665;0.421902
1442;-0.041598;0.002707211;0.422005
1441;-0.039816;0.008911102;0.421837
1440;-0.034952;0.019325667;0.421394
1439;-0.027384;0.027679029;0.420678
1438;-0.018035;0.033436191;0.419695
1437;-0.00773;0.036146707;0.418449
1436;0.002751;0.035874676;0.416949
1435;0.012387;0.032658801;0.415215
1434;0.020419;0.027029245;0.413265
1433;0.02645;0.019482959;0.411129
1432;0.029838;0.01087786;0.408848
1431;0.030632;-0.001869571;0.406462
1430;0.028865;-0.006600294;0.404024
1429;0.024865;-0.013974738;0.401601
1428;0.019049;-0.019636592;0.399248
1427;0.012264;-0.023224814;0.397034
1426;0.004955;-0.024596875;0.395024
1425;-0.002091;-0.0238204;0.39327
1424;-0.008183;-0.021171625;0.391823
1423;-0.013057;-0.017086157;0.39073
1422;-0.016272;-0.012070195;0.390019
1421;-0.017747;-0.006751899;0.389712
1420;-0.017657;0.001573811;0.389826
1419;-0.016237;0.002917334;0.390358
1418;-0.013714;0.006459217;0.391303
1417;-0.010744;0.008908665;0.392649
1416;-0.007539;0.010241366;0.394364
1415;-0.004523;0.010589509;0.396414
1414;-0.00198;0.010243392;0.398753
1413;-0.000051;0.009408862;0.401313
1412;0.001423;0.00842061;0.40403
1411;0.002282;0.007518306;0.40683
1410;0.00291;0.006844039;0.409628
1409;0.003506;0.006431453;0.412348
1408;0.004112;0.006271081;0.414918
1407;0.005095;0.006206599;0.41726
1406;0.006459;0.005953148;0.419325
1405;0.00807;0.005473308;0.421063
1404;0.009981;0.004295299;0.422437
1403;0.011862;0.002453105;0.423424
1402;0.013408;-0.000163759;0.424009
1401;0.01432;-0.003634374;0.424182
1400;0.014334;-0.007654995;0.423948
1399;0.012988;-0.011899583;0.423315
1398;0.010358;-0.016073665;0.422297
1397;0.006289;-0.019606034;0.420922
1396;0.000928;-0.022003439;0.41922
1395;-0.005354;-0.022877865;0.417229
1394;-0.012028;-0.021811366;0.415007
1393;-0.018676;-0.01862243;0.41261
1392;-0.024309;-0.013353005;0.410105
1391;-0.028446;-0.006247596;0.407567
1390;-0.03046;0.002303825;0.405066
1389;-0.029735;0.011421181;0.402676
1388;-0.02618;0.0203957;0.400467
1387;-0.019866;0.028288152;0.398497
1386;-0.011018;0.034047635;0.396816
1385;-0.000468;0.03711905;0.395465
1384;0.010881;0.036764604;0.394464
1383;0.022041;0.032861833;0.393831
1382;0.031785;0.025514895;0.393571
1381;0.038981;0.015329788;0.393674
1380;0.042964;-0.003005572;0.394129
1379;0.042921;-0.010159489;0.394911
1378;0.038806;-0.023039342;0.395986
1377;0.030886;-0.034301836;0.397321
1376;0.01967;-0.042765223;0.398868
1375;0.006188;-0.047513744;0.400581
1374;-0.008271;-0.048059477;0.402404
1373;-0.022475;-0.044124888;0.404285
1372;-0.034992;-0.036019543;0.406161
1371;-0.044577;-0.024472815;0.407987
1370;-0.050419;-0.010348205;0.409714
1369;-0.051765;0.004948614;0.411302
1368;-0.048511;0.020081033;0.412723
1367;-0.040801;0.033675003;0.413949
1366;-0.029421;0.044505437;0.414964
1365;-0.015142;0.051438619;0.415762
1364;0.000494;0.053947738;0.416336
1363;0.016328;0.051695704;0.416687
1362;0.030805;0.044758733;0.416817
1361;0.042664;0.033955513;0.416728
1360;0.050755;0.020056207;0.416427
1359;0.054447;-0.004331207;0.415925
1358;0.053268;-0.011724292;0.415236
1357;0.047408;-0.026741474;0.414379
1356;0.037418;-0.039403302;0.413372
1355;0.024104;-0.048357566;0.412239
1354;0.008765;-0.053062965;0.411005
1353;-0.00718;-0.053004912;0.409696
1352;-0.022344;-0.048118255;0.408343
1351;-0.035288;-0.039078069;0.406968
1350;-0.044835;-0.026635414;0.405597
1349;-0.050232;-0.01195057;0.404251
1348;-0.050983;0.003470722;0.402952
1347;-0.047;0.018239304;0.401723
1346;-0.038973;0.031111456;0.400587
1345;-0.027449;0.040726394;0.399568
1344;-0.013822;0.046404223;0.39869
1343;0.000728;0.047723448;0.397975
1342;0.01473;0.044523653;0.397447
1341;0.026995;0.037406508;0.397127
1340;0.036249;0.027132966;0.397037
1339;0.041936;0.014703626;0.397186
1338;0.04349;-0.001414591;0.397583
1337;0.041009;-0.011343691;0.398224
1336;0.034943;-0.022595249;0.399102
1335;0.025954;-0.031204078;0.400203
1334;0.015084;-0.03650215;0.401507
1333;0.003425;-0.038313216;0.402991
1332;-0.007851;-0.036513489;0.404623
1331;-0.017799;-0.03153347;0.406372
1330;-0.025465;-0.024092673;0.408202
1329;-0.030445;-0.014980478;0.410076
1328;-0.032316;-0.005080995;0.411955
1327;-0.031264;0.004406431;0.413792
1326;-0.027463;0.012947381;0.415542
1325;-0.021609;0.019641994;0.417152
1324;-0.014293;0.024071356;0.418575
1323;-0.006342;0.026030565;0.419765
1322;0.001452;0.025605865;0.420674
1321;0.008442;0.022865356;0.421269
1320;0.014025;0.01847074;0.421521
1319;0.017802;0.012892215;0.421407
1318;0.019625;0.006652868;0.420923
1317;0.019475;-0.000592141;0.420073
1316;0.017573;-0.00481985;0.418866
1315;0.014279;-0.009190458;0.417329
1314;0.010075;-0.012018771;0.415488
1313;0.005442;-0.013315888;0.413378
1312;0.001006;-0.013126507;0.411049
1311;-0.002853;-0.011499369;0.408546
1310;-0.005691;-0.008892912;0.405925
1309;-0.007356;-0.005802364;0.403254
1308;-0.007696;-0.002458012;0.400599
1307;-0.006927;0.000407912;0.398033
1306;-0.005179;0.002570891;0.39564
1305;-0.002929;0.003771152;0.393494
1304;-0.000539;0.003902958;0.391669
1303;0.001506;0.002890163;0.390238
1302;0.00288;0.001263576;0.389251
1301;0.003291;-0.000945037;0.388746
1300;0.002629;-0.003139647;0.388753
1299;0.001003;-0.004840169;0.389266
1298;-0.001413;-0.005812724;0.390272
1297;-0.004216;-0.005694082;0.39174
1296;-0.006922;-0.004334259;0.393616
1295;-0.009157;-0.001880015;0.395843
1294;-0.010406;0.001438815;0.398361
1293;-0.010389;0.005379152;0.401089
1292;-0.008967;0.009219449;0.403961
1291;-0.006113;0.012641558;0.406905
1290;-0.002021;0.015093295;0.409838
1289;0.002866;0.016138492;0.412695
1288;0.008153;0.015455396;0.415407
1287;0.013211;0.013171124;0.417904
1286;0.017485;0.009060299;0.420127
1285;0.020412;0.003668293;0.422024
1284;0.021628;-0.002602359;0.423547
1283;0.020761;-0.00931509;0.424664
1282;0.017823;-0.015633616;0.42536
1281;0.012964;-0.020949158;0.425621
1280;0.006387;-0.024751204;0.42546
1279;-0.001184;-0.026391454;0.424891
1278;-0.009241;-0.025655453;0.423937
1277;-0.016918;-0.022471441;0.422639
1276;-0.023468;-0.016939605;0.421035
1275;-0.028156;-0.00939788;0.419165
1274;-0.030468;0.000698249;0.417078
1273;-0.029965;0.008698481;0.414817
1272;-0.02657;0.017642628;0.412429
1271;-0.020492;0.02529765;0.409968
1270;-0.012139;0.030851781;0.407484
1269;-0.002296;0.03371892;0.405032
1268;0.008117;0.033261914;0.40267
1267;0.018088;0.029681852;0.400448
1266;0.026644;0.023010634;0.398413
1265;0.032684;0.013887343;0.396618
1264;0.035748;-0.003211878;0.395091
1263;0.03524;-0.007992536;0.393863
1262;0.0312;-0.01864966;0.392946
1261;0.024056;-0.027524115;0.392346
1260;0.014368;-0.03372491;0.392055
1259;0.003164;-0.036653693;0.392071
1258;-0.008404;-0.035847058;0.392375
1257;-0.019133;-0.031451533;0.392952
1256;-0.028032;-0.023993111;0.393785
1255;-0.033963;-0.01401746;0.394851
1254;-0.03659;0.002760713;0.396129
1253;-0.035542;0.008656546;0.397598
1252;-0.030944;0.019181723;0.399232
1251;-0.023368;0.027625098;0.401002
1250;-0.013663;0.033213519;0.402875
1249;-0.002667;0.035531047;0.404814
1248;0.008236;0.034270232;0.406779
1247;0.018144;0.029708601;0.408738
1246;0.026087;0.022422302;0.410655
1245;0.03121;0.013123732;0.412494
1244;0.03321;-0.002849232;0.414229
1243;0.031925;-0.007367094;0.41583
1242;0.027578;-0.016525024;0.417275
1241;0.020695;-0.023824868;0.418545
1240;0.012122;-0.028395823;0.419619
1239;0.002639;-0.030160767;0.420474
1238;-0.006741;-0.028795493;0.421093
1237;-0.014974;-0.024699489;0.421452
1236;-0.021478;-0.018329408;0.42153
1235;-0.025497;-0.010435779;0.421319
1234;-0.026759;0.001777932;0.420807
1233;-0.025304;0.006577888;0.419992
1232;-0.021335;0.013908156;0.418885
1231;-0.015248;0.019453241;0.417496
1230;-0.007997;0.022668777;0.415855
1229;-0.000145;0.023322549;0.413997
1228;0.007318;0.021435237;0.411961
1227;0.013558;0.017250743;0.409789
1226;0.018009;0.011317633;0.407537
1225;0.020214;0.004421885;0.405247
1224;0.019856;-0.002724156;0.402977
1223;0.017202;-0.009226137;0.400785
1222;0.012571;-0.014274747;0.398722
1221;0.006453;-0.017461794;0.396846
1220;-0.000183;-0.018224081;0.395215
1219;-0.006622;-0.016677417;0.393876
1218;-0.012139;-0.012944698;0.392882
1217;-0.015851;-0.007618948;0.392271
1216;-0.017469;0.001254685;0.392068
1215;-0.016773;0.005140362;0.39229
1214;-0.013786;0.010953897;0.392936
1213;-0.008961;0.015310391;0.393982
1212;-0.002958;0.017697499;0.395402
1211;0.003633;0.017836774;0.39715
1210;0.009869;0.015677323;0.399164
1209;0.014958;0.011459358;0.401387
1208;0.018438;0.00569675;0.403747
1207;0.019715;-0.000973086;0.406171
1206;0.018646;-0.007790375;0.408597
1205;0.0154;-0.013906923;0.410953
1204;0.010227;-0.018738879;0.413175
1203;0.003561;-0.021590303;0.41521
1202;-0.003629;-0.022240876;0.416997
1201;-0.0109;-0.020434667;0.418492
1200;-0.017285;-0.016398386;0.41966
1199;-0.022146;-0.010422536;0.420465
1198;-0.024929;0.003067352;0.420885
1197;-0.025381;0.004912305;0.420913
1196;-0.023135;0.012781609;0.420543
1195;-0.018583;0.019736154;0.419793
1194;-0.011968;0.025040996;0.418687
1193;-0.003791;0.028092361;0.417261
1192;0.005014;0.028533816;0.415561
1191;0.013716;0.026154721;0.413642
1190;0.021516;0.021129271;0.411561
1189;0.027404;0.013845396;0.409385
1188;0.030848;0.004888884;0.407179
1187;0.031459;-0.004858759;0.405002
1186;0.0289;-0.014483103;0.402921
1185;0.023424;-0.022992728;0.400991
1184;0.015559;-0.029518485;0.399265
1183;0.005755;-0.033287174;0.397794
1182;-0.004767;-0.033930774;0.396618
1181;-0.01512;-0.031194826;0.395768
1180;-0.024241;-0.025359823;0.395269
1179;-0.031204;-0.016884011;0.395126
1178;-0.035124;-0.006617793;0.39534
1177;-0.035881;0.00446708;0.395895
1176;-0.033011;0.015275528;0.396765
1175;-0.026994;0.024717548;0.39791
1174;-0.018375;0.031934929;0.399292
1173;-0.007912;0.036131875;0.400851
1172;0.003347;0.036958757;0.40254
1171;0.014283;0.034349823;0.404308
1170;0.023936;0.028528679;0.406104
1169;0.031422;0.020100311;0.407883
1168;0.03589;0.009868393;0.409603
1167;0.037185;-0.001219754;0.411225
1166;0.035062;-0.012178992;0.412718
1165;0.029804;-0.021886528;0.414055
1164;0.021917;-0.029598885;0.41521
1163;0.012252;-0.034543561;0.416164
1162;0.001461;-0.036369667;0.416903
1161;-0.009124;-0.034941399;0.41741
1160;-0.018792;-0.030492456;0.417685
1159;-0.026647;-0.023342408;0.417726
1158;-0.031894;-0.01440218;0.417538
1157;-0.034239;0.004348227;0.417135
1156;-0.033538;0.005818598;0.416529
1155;-0.029799;0.015092382;0.415739
1154;-0.023576;0.022793707;0.414787
1153;-0.015539;0.028148799;0.413698
1152;-0.006352;0.030755912;0.41249
1151;0.002973;0.030494419;0.411188
1150;0.011515;0.027515711;0.409805
1149;0.018711;0.022147066;0.408359
1148;0.023677;0.01511263;0.406871
1147;0.026198;0.007118897;0.405358
1146;0.026171;-0.001073316;0.403841
1145;0.023708;-0.008503864;0.402348
1144;0.019163;-0.014611401;0.400904
1143;0.013323;-0.018843878;0.399542
1142;0.006609;-0.020907282;0.398295
1141;0.000005;-0.020741999;0.397197
1140;-0.005904;-0.018704325;0.396276
1139;-0.010554;-0.01496593;0.39556
1138;-0.013606;-0.010326535;0.395067
1137;-0.014807;-0.005294183;0.394811
1136;-0.014377;0.000536321;0.394804
1135;-0.012534;0.003490697;0.395053
1134;-0.009649;0.006298915;0.395559
1133;-0.00639;0.007815173;0.39632
1132;-0.003193;0.008031575;0.397336
1131;-0.000467;0.007038524;0.398594
1130;0.00131;0.005432278;0.400087
1129;0.002112;0.003422856;0.401796
1128;0.001931;0.001560938;0.403691
1127;0.000872;-0.000277202;0.405742
1126;-0.000629;-0.000203175;0.4079
1125;-0.002187;0.000162111;0.410117
1124;-0.003448;0.00160203;0.412339
1123;-0.003951;0.003576009;0.414507
1122;-0.00346;0.005965167;0.416561
1121;-0.001892;0.008282654;0.418447
1120;0.000764;0.010014901;0.420115
1119;0.004286;0.010794221;0.421515
1118;0.008225;0.010328048;0.42262
1117;0.012169;0.008349491;0.423395
1116;0.015618;0.004874464;0.423818
1115;0.017868;-0.000189042;0.423877
1114;0.0187;-0.005471403;0.42356
1113;0.017577;-0.011529593;0.422864
1112;0.014472;-0.017234739;0.421802
1111;0.009431;-0.022138933;0.42038
1110;0.00279;-0.025392182;0.41862
1109;-0.005006;-0.026512531;0.416559
1108;-0.013156;-0.025188203;0.414232
1107;-0.020926;-0.021272708;0.411692
1106;-0.027452;-0.014765464;0.409008
1105;-0.031883;-0.006364311;0.406241
1104;-0.033608;0.003511982;0.403469
1103;-0.032219;0.01386838;0.40077
1102;-0.027558;0.023619561;0.398217
1101;-0.019829;0.0317803;0.395885
1100;-0.009696;0.037465685;0.39384
1099;0.002107;0.03970213;0.392135
1098;0.014375;0.038277773;0.390818
1097;0.025877;0.033043332;0.389926
1096;0.035506;0.024189736;0.389473
1095;0.042084;0.012680818;0.389478
1094;0.044912;-0.000599426;0.389935
1093;0.043492;-0.014384381;0.390824
1092;0.037936;-0.027209357;0.392121
1091;0.028509;-0.037950732;0.393783
1090;0.016236;-0.045506353;0.395752
1089;0.002053;-0.048972987;0.397973
1088;-0.012653;-0.048062372;0.400377
1087;-0.026544;-0.042841271;0.402891
1086;-0.038338;-0.033589293;0.405445
1085;-0.046985;-0.021218499;0.407971
1084;-0.051608;0.006830059;0.410402
1083;-0.051877;0.008470594;0.412687
1082;-0.047667;0.023211321;0.414774
1081;-0.039314;0.036126376;0.416621
1080;-0.027576;0.046202271;0.418199
1079;-0.013317;0.052483856;0.419481
1078;0.002129;0.054348316;0.420449
1077;0.017588;0.051842813;0.421099
1076;0.031674;0.044862396;0.421427
1075;0.043248;0.03417184;0.421435
1074;0.051312;0.02056592;0.42114
1073;0.055158;-0.005225807;0.420555
1072;0.054443;-0.010723286;0.419703
1071;0.049205;-0.025692743;0.418617
1070;0.039872;-0.03866126;0.417328
1069;0.027174;-0.048407302;0.415874
1068;0.012249;-0.054039153;0.414293
1067;-0.003747;-0.055169903;0.412622
1066;-0.01934;-0.051697903;0.410902
1065;-0.03325;-0.043759904;0.40917
1064;-0.04426;-0.032229248;0.407461
1063;-0.051433;-0.01804604;0.405805
1062;-0.054129;0.002350268;0.404232
1061;-0.052203;0.013301558;0.402763
1060;-0.045784;0.027625841;0.401423
1059;-0.0355;0.039488733;0.400231
1058;-0.022361;0.047628029;0.399206
1057;-0.007457;0.051602989;0.398361
1056;0.007766;0.051067879;0.397709
1055;0.022016;0.04608413;0.397257
1054;0.034052;0.03720824;0.397009
1053;0.042862;0.025506158;0.396965
1052;0.047727;0.011711871;0.397121
1051;0.048379;-0.002527921;0.397466
1050;0.044884;-0.016134899;0.39799
1049;0.037658;-0.027968473;0.398676
1048;0.027544;-0.036950502;0.399509
1047;0.015476;-0.04243929;0.400477
1046;0.002595;-0.044240959;0.401562
1045;-0.009904;-0.042203475;0.402747
1044;-0.021012;-0.036753677;0.404016
1043;-0.029847;-0.028648145;0.405349
1042;-0.03577;-0.018524217;0.406723
1041;-0.038465;-0.007529396;0.408115
1040;-0.037956;0.003411443;0.409495
1039;-0.034416;0.013384404;0.410833
1038;-0.028453;0.021718859;0.412096
1037;-0.02069;0.027643729;0.413253
1036;-0.011951;0.031151193;0.414272
1035;-0.002941;0.031961976;0.415133
1034;0.005432;0.030323308;0.415808
1033;0.012773;0.026654582;0.416283
1032;0.018451;0.02142777;0.416546
1031;0.022272;0.015160125;0.41659
1030;0.024203;0.008574562;0.416411
1029;0.024309;-0.002128409;0.416015
1028;0.022812;-0.003742772;0.415403
1027;0.020149;-0.008595966;0.414585
1026;0.016627;-0.012357003;0.413574
1025;0.012626;-0.015008461;0.412385
1024;0.008597;-0.016454507;0.41104
1023;0.004674;-0.01701884;0.40957
1022;0.001038;-0.016837034;0.408003
1021;-0.002128;-0.016067697;0.406384
1020;-0.005005;-0.014935712;0.404758
1019;-0.007551;-0.01359928;0.403173
1018;-0.009847;-0.011900231;0.401682
1017;-0.012008;-0.01004425;0.400337
1016;-0.014077;-0.007784437;0.399183
1015;-0.01581;-0.00506003;0.398262
1014;-0.017334;0.001778502;0.397602
1013;-0.018195;0.002021936;0.397226
1012;-0.018265;0.006424704;0.397148
1011;-0.01725;0.011076439;0.397364
1010;-0.014977;0.015751181;0.397869
1009;-0.011211;0.020119307;0.398647
1008;-0.006155;0.023574758;0.399673
1007;0.000095;0.025732825;0.40092
1006;0.007254;0.026210721;0.402355
1005;0.014581;0.024555118;0.403935
1004;0.021675;0.020742574;0.405618
1003;0.027764;0.014850202;0.407358
1002;0.03212;0.007047202;0.409099
1001;0.034226;-0.002061036;0.410793
1000;0.03376;-0.011791522;0.412389
999;0.03025;-0.021427142;0.413833
998;0.024092;-0.02999194;0.415087
997;0.015352;-0.036671189;0.41611
996;0.004698;-0.04078632;0.416873
995;-0.007034;-0.041734388;0.41736
994;-0.018892;-0.039166792;0.417558
993;-0.029933;-0.033219515;0.417462
992;-0.038991;-0.024066041;0.417084
991;-0.045217;-0.012368096;0.416432
990;-0.047962;0.000876046;0.415525
989;-0.046648;0.014771826;0.414393
988;-0.041283;0.027938093;0.413063
987;-0.032206;0.039257851;0.411571
986;-0.019886;0.047598975;0.409958
985;-0.005459;0.052106823;0.408264
984;0.009936;0.052151932;0.406536
983;0.024931;0.04766463;0.404823
982;0.03818;0.038810037;0.403169
981;0.048262;0.026277398;0.401622
980;0.054402;0.011135677;0.400226
979;0.05573;-0.005316332;0.399015
978;0.052094;-0.021585516;0.398022
977;0.043731;-0.036162248;0.397275
976;0.031389;-0.04766132;0.396784
975;0.015962;-0.055044345;0.39656
974;-0.000847;-0.057501762;0.396603
973;-0.017764;-0.054864869;0.396901
972;-0.033195;-0.047289256;0.397442
971;-0.045588;-0.035531094;0.39821
970;-0.054013;-0.020619652;0.399176
969;-0.05768;0.00393398;0.400317
968;-0.056166;0.012996267;0.401602
967;-0.049858;0.028767407;0.402996
966;-0.039288;0.041817316;0.404467
965;-0.025344;0.051219735;0.40598
964;-0.009458;0.05610032;0.407499
963;0.007026;0.056148114;0.408994
962;0.022782;0.051444199;0.410431
961;0.036293;0.042524099;0.411782
960;0.046548;0.030105198;0.413025
959;0.052857;0.015486568;0.414142
958;0.054535;-0.000330259;0.415114
957;0.051735;-0.015545101;0.415933
956;0.0448;-0.029284202;0.416587
955;0.034232;-0.040334819;0.417067
954;0.021171;-0.047817944;0.41737
953;0.006776;-0.051230832;0.417491
952;-0.007937;-0.050369496;0.417427
951;-0.021492;-0.04547176;0.41718
950;-0.032958;-0.036988917;0.416751
949;-0.041419;-0.025797598;0.416143
948;-0.046273;-0.012842194;0.415367
947;-0.047125;0.000752021;0.414434
946;-0.044266;0.013775734;0.413358
945;-0.037793;0.025259216;0.412156
944;-0.02851;0.034226261;0.410845
943;-0.017294;0.040093172;0.409445
942;-0.005087;0.042407987;0.407978
941;0.007063;0.041170548;0.406465
940;0.018002;0.036581449;0.404932
939;0.027038;0.029208659;0.403403
938;0.033398;0.019729108;0.401906
937;0.036606;0.009157266;0.400469
936;0.036662;-0.001691495;0.399126
935;0.03367;-0.011739849;0.397908
934;0.027969;-0.020236193;0.396847
933;0.020362;-0.026543532;0.395975
932;0.011544;-0.03020304;0.39532
931;0.002318;-0.031087701;0.394903
930;-0.006387;-0.029340876;0.394746
929;-0.013829;-0.02530249;0.394861
928;-0.019666;-0.019478985;0.395247
927;-0.023198;-0.012625122;0.395907
926;-0.024624;-0.00536651;0.396825
925;-0.023928;0.001623301;0.397983
924;-0.02136;0.007657146;0.399362
923;-0.01743;0.012460681;0.40093
922;-0.012721;0.015727306;0.402654
921;-0.007568;0.017327373;0.404505
920;-0.002659;0.017500146;0.406436
919;0.001673;0.016395866;0.408409
918;0.005273;0.014336007;0.410382
917;0.007833;0.01174933;0.412308
916;0.009447;0.008959609;0.414138
915;0.010257;0.006189859;0.415831
914;0.010402;0.003787254;0.417339
913;0.010037;0.001735865;0.418625
912;0.009612;-5.89E-19;0.419658
911;0.00901;-0.001203329;0.420409
910;0.008554;-0.002261899;0.420861
909;0.008225;-0.003389423;0.421009
908;0.007912;-0.004497606;0.420846
907;0.007527;-0.00590037;0.420382
906;0.00697;-0.007522242;0.419631
905;0.005901;-0.009321117;0.418608
904;0.00426;-0.01114884;0.41734
903;0.002001;-0.01283698;0.415856
902;-0.001071;-0.013976024;0.414184
901;-0.004706;-0.014378463;0.412366
900;-0.008673;-0.013764426;0.410444
899;-0.012768;-0.011844629;0.40846
898;-0.016433;-0.00863804;0.406468
897;-0.019237;-0.004199277;0.404514
896;-0.020823;0.001323214;0.402648
895;-0.020717;0.007391206;0.400922
894;-0.018668;0.013546217;0.399378
893;-0.014787;0.019188415;0.398051
892;-0.009018;0.023628592;0.396977
891;-0.001908;0.026243733;0.396174
890;0.006025;0.026749874;0.395652
889;0.014038;0.024641919;0.395418
888;0.021398;0.020148362;0.395466
887;0.027165;0.013392727;0.395781
886;0.030811;0.004974573;0.396348
885;0.031762;-0.004498622;0.397138
884;0.029735;-0.013941343;0.398124
883;0.024875;-0.022651398;0.399277
882;0.017463;-0.029612337;0.400561
881;0.00808;-0.034034012;0.40194
880;-0.002363;-0.035560576;0.40338
879;-0.012932;-0.033812361;0.404843
878;-0.022662;-0.028860991;0.406293
877;-0.03053;-0.021174013;0.407697
876;-0.035799;-0.011395673;0.409026
875;-0.037949;0.000275498;0.410253
874;-0.036643;0.010939133;0.411358
873;-0.031998;0.021451096;0.412323
872;-0.024427;0.030109627;0.413136
871;-0.014548;0.036119267;0.413793
870;-0.003253;0.038910257;0.414291
869;0.008324;0.038302948;0.41463
868;0.019288;0.03409541;0.414812
867;0.028474;0.026928903;0.414841
866;0.03508;0.017349931;0.414722
865;0.038554;0.006140903;0.414466
864;0.038494;-0.005457894;0.41408
863;0.034972;-0.016495336;0.413577
862;0.028342;-0.026007003;0.412968
861;0.019226;-0.032945439;0.412269
860;0.00845;-0.036846497;0.411495
859;-0.002853;-0.037354207;0.410662
858;-0.01374;-0.034398373;0.409788
857;-0.02313;-0.028337719;0.408886
856;-0.030158;-0.019898347;0.407972
855;-0.034275;-0.009706828;0.407059
854;-0.035089;0.001026107;0.406162
853;-0.032602;0.011388887;0.405295
852;-0.027177;0.020379;0.404472
851;-0.019381;0.027228788;0.403708
850;-0.009994;0.031146902;0.403016
849;-0.000065;0.032154934;0.402413
848;0.009562;0.029983195;0.401911
847;0.01784;0.025058172;0.401526
846;0.024114;0.018017919;0.401267
845;0.027781;0.009532664;0.401143
844;0.02863;-0.000478598;0.40116
843;0.026706;-0.008060793;0.401319
842;0.022267;-0.015469178;0.401619
841;0.015966;-0.021007328;0.402056
840;0.008424;-0.024123452;0.402622
839;0.000511;-0.024768729;0.403305
838;-0.006993;-0.022982656;0.404091
837;-0.013332;-0.018959891;0.404963
836;-0.018015;-0.013381265;0.4059
835;-0.020542;-0.006859438;0.406882
834;-0.020931;-1.28E-18;0.407883
833;-0.019139;0.006362958;0.408878
832;-0.015574;0.011652979;0.409841
831;-0.010631;0.015481287;0.410741
830;-0.004974;0.017368817;0.411553
829;0.000854;0.017361008;0.412251
828;0.006185;0.015618968;0.41281
827;0.010499;0.012226874;0.413211
826;0.013439;0.007826748;0.413438
825;0.014702;0.00286734;0.413477
824;0.014281;-0.002143716;0.413328
823;0.012293;-0.006630176;0.412989
822;0.009002;-0.009993323;0.412469
821;0.004847;-0.012181079;0.411779
820;0.000291;-0.012710669;0.410935
819;-0.00407;-0.011693974;0.409959
818;-0.007836;-0.00933773;0.408878
817;-0.010477;-0.005836482;0.407717
816;-0.011769;0.001620197;0.406509
815;-0.011531;0.002651841;0.405289
814;-0.009831;0.006659078;0.40409
813;-0.006797;0.009826266;0.40295
812;-0.002926;0.011702756;0.401909
811;0.001496;0.012169392;0.400996
810;0.005776;0.011087733;0.400247
809;0.009472;0.00849147;0.399689
808;0.012112;0.004787905;0.399339
807;0.013336;-0.000326656;0.399214
806;0.01293;-0.004384006;0.399319
805;0.010953;-0.008724437;0.39965
804;0.007566;-0.012161578;0.400201
803;0.003089;-0.014449507;0.400955
802;-0.0019;-0.01495781;0.401888
801;-0.006909;-0.013859362;0.402977
800;-0.011391;-0.011131687;0.404191
799;-0.014713;-0.006989932;0.405493
798;-0.016591;0.001896133;0.406853
797;-0.016748;0.003530149;0.408234
796;-0.015048;0.008915872;0.409597
795;-0.011749;0.013469999;0.41091
794;-0.007086;0.016772593;0.412139
793;-0.001503;0.018514092;0.413253
792;0.004371;0.018365;0.414224
791;0.009962;0.016336111;0.415027
790;0.014747;0.012669544;0.415643
789;0.018106;0.007629985;0.416062
788;0.019776;-0.001665395;0.416271
787;0.019519;-0.00444173;0.41627
786;0.017345;-0.010329875;0.416064
785;0.01337;-0.015223377;0.415658
784;0.008155;-0.018661992;0.415066
783;0.00197;-0.020323746;0.414306
782;-0.004356;-0.020014459;0.413395
781;-0.010307;-0.017660307;0.412355
780;-0.015239;-0.01362828;0.411208
779;-0.01869;-0.008265228;0.409976
778;-0.020186;0.002031834;0.408684
777;-0.019756;0.004259644;0.407356
776;-0.017318;0.010086058;0.406017
775;-0.013164;0.014854367;0.404696
774;-0.007821;0.017980701;0.403418
773;-0.00179;0.019225852;0.402209
772;0.004309;0.01855524;0.401094
771;0.009686;0.015916433;0.400095
770;0.013928;0.011782099;0.399232
769;0.016579;0.006633944;0.398519
768;0.017306;-0.000948993;0.39797
767;0.016217;-0.004508341;0.397589
766;0.013517;-0.009184317;0.397384
765;0.009393;-0.012608897;0.397357
764;0.004651;-0.014453086;0.397509
763;-0.000351;-0.014520758;0.39784
762;-0.004921;-0.013050003;0.398348
761;-0.008585;-0.010156829;0.399025
760;-0.010887;-0.006335018;0.399866
759;-0.011822;-0.002150482;0.400859
758;-0.011136;0.001935798;0.40199
757;-0.009176;0.005388126;0.403242
756;-0.006287;0.007767476;0.404592
755;-0.002802;0.008918178;0.406014
754;0.000691;0.008709632;0.407485
753;0.003687;0.00724028;0.408975
752;0.005889;0.004848305;0.410454
751;0.006985;0.00188163;0.411897
750;0.006719;-0.001242951;0.413272
749;0.005439;-0.003965305;0.414553
748;0.003077;-0.005947141;0.415715
747;0.000129;-0.00687679;0.416736
746;-0.002981;-0.006575868;0.417588
745;-0.005776;-0.005026676;0.418254
744;-0.007962;-0.002499116;0.418716
743;-0.008907;0.000834426;0.418955
742;-0.008663;0.004430049;0.418962
741;-0.007053;0.007841837;0.418728
740;-0.004101;0.010604655;0.418248
739;-0.000261;0.012253221;0.41753
738;0.004129;0.012460718;0.41658
737;0.008648;0.011109921;0.415412
736;0.012538;0.008192013;0.414053
735;0.015408;0.003896278;0.412525
734;0.016811;-0.001310467;0.41086
733;0.016359;-0.006962468;0.409097
732;0.013978;-0.012426493;0.40727
731;0.009882;-0.016982049;0.405419
730;0.004185;-0.020139778;0.403589
729;-0.002419;-0.021361471;0.40182
728;-0.009315;-0.020366924;0.400154
727;-0.015791;-0.017120602;0.398635
726;-0.021134;-0.01183262;0.397301
725;-0.024505;-0.004873931;0.396188
724;-0.025719;0.002988094;0.39533
723;-0.024257;0.011107069;0.394748
722;-0.020224;0.018499814;0.39446
721;-0.013994;0.02447705;0.394477
720;-0.006016;0.028256678;0.39479
719;0.002994;0.029422057;0.39539
718;0.011991;0.027751203;0.396262
717;0.020239;0.023280507;0.397371
716;0.026878;0.016424376;0.398689
715;0.031089;0.007744133;0.400181
714;0.032548;-0.001943948;0.401804
713;0.031053;-0.011756564;0.40352
712;0.026534;-0.020714176;0.405288
711;0.019542;-0.028085164;0.407062
710;0.010638;-0.033015465;0.408805
709;0.000453;-0.035160082;0.410479
708;-0.00988;-0.034188012;0.412043
707;-0.019564;-0.030231937;0.413467
706;-0.027816;-0.023492242;0.414724
705;-0.033697;-0.014685461;0.415786
704;-0.036805;0.004399371;0.416638
703;-0.036883;0.006381542;0.417266
702;-0.033714;0.016761981;0.417661
701;-0.027697;0.025891072;0.417825
700;-0.019305;0.032906166;0.417763
699;-0.009135;0.037222449;0.417481
698;0.001916;0.038453296;0.416995
697;0.012781;0.0364385;0.416321
696;0.022809;0.03135682;0.415477
695;0.030864;0.023563957;0.414486
694;0.036356;0.013788726;0.413371
693;0.038866;-0.00274762;0.412154
692;0.038036;-0.00849914;0.410863
691;0.033945;-0.019084453;0.409523
690;0.027059;-0.0280302;0.40816
689;0.017787;-0.03461101;0.406802
688;0.007025;-0.038157722;0.405479
687;-0.004243;-0.038526057;0.404215
686;-0.015149;-0.035484584;0.403038
685;-0.024681;-0.029490883;0.401971
684;-0.031972;-0.020980117;0.401033
683;-0.036462;-0.010775852;0.400242
682;-0.037804;0.000274971;0.399611
681;-0.035788;0.011086939;0.399149
680;-0.030795;0.020815304;0.39886
679;-0.023284;0.028582465;0.398748
678;-0.013808;0.033700972;0.398813
677;-0.003495;0.035875159;0.399053
676;0.006927;0.034933847;0.399463
675;0.016495;0.030995117;0.400034
674;0.024351;0.024625276;0.400757
673;0.029893;0.016343357;0.401617
672;0.03284;0.006938561;0.402593
671;0.032821;-0.002614877;0.403668
670;0.030158;-0.011641734;0.404814
669;0.025153;-0.019330683;0.406004
668;0.01827;-0.02506143;0.407212
667;0.01025;-0.028523201;0.408411
666;0.001898;-0.029562133;0.40957
665;-0.006256;-0.028127685;0.410667
664;-0.013395;-0.024646147;0.411676
663;-0.019009;-0.019460615;0.412575
662;-0.022917;-0.013102119;0.413344
661;-0.024719;-0.006217729;0.413962
660;-0.024585;0.000586719;0.414414
659;-0.022697;0.006890906;0.414687
658;-0.019306;0.012051989;0.414769
657;-0.014839;0.016004209;0.414654
656;-0.009828;0.018464325;0.41434
655;-0.004607;0.019446742;0.413827
654;0.000392;0.019041966;0.413126
653;0.004761;0.017572459;0.412252
652;0.008441;0.015136482;0.411224
651;0.01121;0.012168522;0.410068
650;0.013038;0.008917633;0.408816
649;0.014077;0.005567505;0.407503
648;0.014403;0.002328452;0.406166
647;0.01406;-0.000604755;0.404842
646;0.013363;-0.003392875;0.40357
645;0.012248;-0.005858449;0.402388
644;0.010818;-0.008059217;0.401328
643;0.009139;-0.010125625;0.400421
642;0.007092;-0.011954645;0.399696
641;0.004658;-0.01346826;0.399176
640;0.00183;-0.014756964;0.398878
639;-0.001432;-0.015411614;0.398819
638;-0.0051;-0.015443694;0.399004
637;-0.008929;-0.014597723;0.39943
636;-0.01279;-0.012737916;0.400094
635;-0.01636;-0.009689303;0.400975
634;-0.019221;-0.005684637;0.40205
633;-0.021097;0.000581047;0.40329
632;-0.021615;0.005106454;0.404652
631;-0.020481;0.011063179;0.406099
630;-0.017647;0.016888246;0.407588
629;-0.013084;0.021975912;0.409074
628;-0.006984;0.025740357;0.410515
627;0.00027;0.02782269;0.411876
626;0.008129;0.02782383;0.413116
625;0.016045;0.025405517;0.414209
624;0.023216;0.020828669;0.415126
623;0.029035;0.014075797;0.415842
622;0.03284;0.00565892;0.416341
621;0.034169;-0.003785013;0.416609
620;0.032664;-0.013479466;0.416634
619;0.028412;-0.022766219;0.416418
618;0.021416;-0.030494034;0.415961
617;0.012292;-0.036153524;0.415273
616;0.001644;-0.039065423;0.414371
615;-0.009651;-0.038661626;0.413279
614;-0.020639;-0.035023089;0.412021
613;-0.03027;-0.028237491;0.410632
612;-0.037689;-0.018643325;0.409146
611;-0.042103;-0.007192896;0.4076
610;-0.042959;0.005277863;0.406032
609;-0.040118;0.017744288;0.40448
608;-0.033664;0.028909981;0.402978
607;-0.024039;0.037804318;0.401564
606;-0.012126;0.043652069;0.400269
605;0.001148;0.04562556;0.399118
604;0.014542;0.043631437;0.398141
603;0.02685;0.037744137;0.397356
602;0.036924;0.028379273;0.396783
601;0.043857;0.016359891;0.396438
600;0.04688;-0.002906286;0.396325
599;0.045851;-0.011059718;0.39645
598;0.040675;-0.024006494;0.396812
597;0.031976;-0.034861131;0.397401
596;0.020401;-0.042705255;0.398203
595;0.007118;-0.046788663;0.399201
594;-0.006767;-0.046734623;0.400371
593;-0.01997;-0.042724221;0.401687
592;-0.031372;-0.035040072;0.403124
591;-0.039982;-0.024384057;0.404651
590;-0.04511;-0.011859905;0.406242
589;-0.046396;0.00155347;0.407868
588;-0.043729;0.014701038;0.409499
587;-0.037537;0.02633036;0.411109
586;-0.028268;0.035656026;0.412667
585;-0.016896;0.04193195;0.414143
584;-0.004328;0.044569353;0.41551
583;0.008308;0.043612736;0.416739
582;0.020083;0.039190949;0.417803
581;0.029888;0.031624178;0.418677
580;0.0372;0.021799901;0.419343
579;0.041301;0.0104723;0.419778
578;0.042075;-0.001479384;0.419974
577;0.039525;-0.012922981;0.41992
576;0.033913;-0.023046788;0.419609
575;0.025801;-0.031168603;0.419042
574;0.015922;-0.036530979;0.418224
573;0.005064;-0.038866489;0.417159
572;-0.005845;-0.038203454;0.415862
571;-0.01595;-0.034412302;0.414353
570;-0.024459;-0.028118697;0.41265
569;-0.03079;-0.019872222;0.410786
568;-0.034409;-0.010235181;0.408794
567;-0.035229;0.000265441;0.406711
566;-0.03318;0.009422614;0.404583
565;-0.028576;0.01802515;0.402462
564;-0.021853;0.02476213;0.400392
563;-0.013714;0.029195475;0.39843
562;-0.004747;0.03116454;0.396627
561;0.004083;0.030445437;0.395029
560;0.012221;0.027307033;0.393685
559;0.018895;0.022169294;0.392637
558;0.023707;0.015488295;0.391912
557;0.02628;0.007914829;0.391541
556;0.026648;-0.000230861;0.39154
555;0.024808;-0.006979081;0.391909
554;0.021151;-0.013173531;0.392652
553;0.016136;-0.017806471;0.393753
552;0.010232;-0.020797256;0.395184
551;0.004026;-0.021924416;0.396918
550;-0.001889;-0.021308434;0.39891
549;-0.007192;-0.019217297;0.401106
548;-0.011462;-0.015992734;0.403456
547;-0.014475;-0.011902184;0.405896
546;-0.016286;-0.007540624;0.408358
545;-0.016822;-0.003126086;0.410785
544;-0.016261;0.001004561;0.413113
543;-0.014866;0.004578217;0.415283
542;-0.012833;0.007466426;0.417248
541;-0.010329;0.009735574;0.418965
540;-0.00773;0.01119689;0.420394
539;-0.005032;0.012092832;0.421511
538;-0.002402;0.012486057;0.422294
537;0.000039;0.012364938;0.422726
536;0.00236;0.011950195;0.422809
535;0.004603;0.011237844;0.422536
534;0.006583;0.010183515;0.421918
533;0.008589;0.008856108;0.420973
532;0.010384;0.00718778;0.41972
531;0.011968;0.005078679;0.418193
530;0.013248;0.002549035;0.416433
529;0.014095;-0.000375466;0.41448
528;0.014226;-0.003714718;0.412388
527;0.013635;-0.007216585;0.410211
526;0.012074;-0.010755809;0.408003
525;0.009454;-0.01406615;0.40582
524;0.005894;-0.016767239;0.403718
523;0.001451;-0.018513225;0.401741
522;-0.003694;-0.019131638;0.39994
521;-0.009011;-0.018170344;0.398352
520;-0.01419;-0.015687361;0.397006
519;-0.018739;-0.011653427;0.395931
518;-0.022018;-0.006206372;0.395145
517;-0.023718;0.0002178;0.394657
516;-0.023545;0.007137267;0.394471
515;-0.021143;0.013994627;0.394585
514;-0.016816;0.020075694;0.394985
513;-0.010657;0.024721824;0.395657
512;-0.003154;0.027501735;0.396574
511;0.005058;0.027941894;0.397706
510;0.013166;0.02587047;0.399019
509;0.020619;0.021441568;0.400475
508;0.026432;0.014844144;0.402033
507;0.030152;0.006656409;0.403653
506;0.031363;-0.002390888;0.405296
505;0.029755;-0.011571925;0.406922
504;0.02546;-0.019983652;0.408501
503;0.018852;-0.026855715;0.410003
502;0.010352;-0.031513251;0.411399
501;0.000747;-0.033516677;0.412672
500;-0.009023;-0.032555745;0.413798
499;-0.018262;-0.028770493;0.414763
498;-0.025972;-0.022368906;0.415552
497;-0.031479;-0.013958574;0.416152
496;-0.034298;0.004214775;0.416554
495;-0.034179;0.005902981;0.416752
494;-0.030944;0.015633567;0.416742
493;-0.025125;0.02392505;0.416526
492;-0.01706;0.030192539;0.416108
491;-0.007447;0.033741978;0.415496
490;0.002659;0.034360269;0.414704
489;0.012527;0.031901611;0.413747
488;0.021243;0.026685026;0.412643
487;0.027889;0.019143396;0.41141
486;0.032025;0.009993382;0.410075
485;0.033286;-2.04E-18;0.408661
484;0.031425;-0.009625141;0.407198
483;0.026861;-0.018334862;0.405714
482;0.019985;-0.025153124;0.404243
481;0.011353;-0.029567296;0.402815
480;0.001993;-0.031151311;0.401472
479;-0.007289;-0.029840677;0.400244
478;-0.015696;-0.025819416;0.39917
477;-0.022311;-0.019573494;0.398281
476;-0.026609;-0.011666021;0.397609
475;-0.028387;0.003046429;0.397176
474;-0.027313;0.005579172;0.397004
473;-0.023801;0.013261105;0.397103
472;-0.018255;0.01942277;0.397481
471;-0.011197;0.023408925;0.398132
470;-0.00347;0.025074032;0.399046
469;0.004116;0.024259303;0.400202
468;0.010988;0.021267151;0.401576
467;0.016408;0.016451224;0.403132
466;0.019926;0.010402644;0.404833
465;0.021465;0.003784097;0.406637
464;0.020891;-0.002778803;0.408494
463;0.018365;-0.008590832;0.410358
462;0.014441;-0.013266862;0.412175
461;0.009398;-0.016330908;0.413895
460;0.00385;-0.017696033;0.415471
459;-0.00156;-0.017304827;0.416854
458;-0.006446;-0.015377625;0.417999
457;-0.010377;-0.012108868;0.418873
456;-0.012914;-0.00807162;0.419444
455;-0.014109;-0.003509792;0.419687
454;-0.013842;0.000911822;0.419594
453;-0.012212;0.004907033;0.419156
452;-0.009559;0.008065393;0.418377
451;-0.006227;0.01013017;0.417276
450;-0.002462;0.010951675;0.415869
449;0.001146;0.010584139;0.414189
448;0.004293;0.009085843;0.412276
447;0.006776;0.006714041;0.410171
446;0.008165;0.003788242;0.407926
445;0.008486;-0.000664792;0.405606
444;0.007815;-0.002330193;0.403265
443;0.006086;-0.004734989;0.400974
442;0.003722;-0.006410872;0.398805
441;0.001016;-0.007097651;0.396817
440;-0.001772;-0.00673892;0.395078
439;-0.004197;-0.005412392;0.393648
438;-0.005886;-0.003365027;0.392568
437;-0.006807;0.000729703;0.39188
436;-0.006628;0.001953898;0.391608
435;-0.005461;0.004461859;0.39176
434;-0.003479;0.006391501;0.392336
433;-0.000883;0.007493153;0.39332
432;0.002057;0.007529062;0.394679
431;0.004776;0.006608899;0.396377
430;0.007123;0.004658325;0.398367
429;0.008693;0.001954444;0.400584
428;0.009197;-0.001136873;0.402976
427;0.00867;-0.004365427;0.405475
426;0.007032;-0.007304129;0.408012
425;0.004438;-0.00953144;0.410527
424;0.001167;-0.010901716;0.412956
423;-0.002401;-0.011117692;0.415234
422;-0.006044;-0.010100817;0.417316
421;-0.009153;-0.008013103;0.419147
420;-0.011543;-0.00494342;0.420688
419;-0.012886;0.001147594;0.421912
418;-0.012976;0.002894901;0.422792
417;-0.01173;0.006862594;0.423312
416;-0.009383;0.010390347;0.423473
415;-0.005879;0.012971967;0.423273
414;-0.001725;0.014434291;0.422726
413;0.002725;0.014583596;0.421848
412;0.007143;0.013253705;0.420661
411;0.010964;0.01064136;0.419194
410;0.013816;0.006982016;0.417481
409;0.015474;0.002432328;0.415557
408;0.015622;-0.002331339;0.413464
407;0.014268;-0.007014441;0.411247
406;0.011532;-0.011101217;0.408948
405;0.007645;-0.014122516;0.406622
404;0.002909;-0.015774008;0.404319
403;-0.002017;-0.015939893;0.402084
402;-0.00684;-0.014467564;0.39997
401;-0.010923;-0.011562392;0.398021
400;-0.013871;-0.007586268;0.396273
399;-0.015375;-0.002828438;0.394763
398;-0.015353;0.00211504;0.393519
397;-0.013662;0.006687621;0.392558
396;-0.010722;0.010508515;0.391897
395;-0.006713;0.013129362;0.39155
394;-0.002171;0.014218208;0.391513
393;0.002407;0.013882883;0.391791
392;0.006493;0.012082923;0.392377
391;0.009737;0.009058379;0.393259
390;0.011723;0.00536663;0.394422
389;0.012348;-0.001278394;0.395845
388;0.011649;-0.00265622;0.397496
387;0.009725;-0.005954224;0.399346
386;0.006924;-0.008320988;0.401359
385;0.003653;-0.00965077;0.403491
384;0.000268;-0.00962627;0.405703
383;-0.002761;-0.008617498;0.407953
382;-0.005095;-0.006709814;0.410193
381;-0.006557;-0.004161311;0.412385
380;-0.006972;-0.00146376;0.414488
379;-0.006413;0.001022481;0.416461
378;-0.005014;0.003117213;0.418268
377;-0.003065;0.00436547;0.419879
376;-0.000821;0.004745505;0.421255
375;0.001273;0.004295331;0.422368
374;0.002989;0.002977556;0.423195
373;0.004002;0.001117149;0.423706
372;0.004188;-0.000966157;0.423886
371;0.003445;-0.003036188;0.42372
370;0.001949;-0.004712897;0.423199
369;-0.000255;-0.005598195;0.422324
368;-0.002703;-0.005679603;0.421106
367;-0.005202;-0.004753883;0.419558
366;-0.007259;-0.002760014;0.417712
365;-0.008606;0.000131198;0.415601
364;-0.008895;0.003103903;0.413264
363;-0.008029;0.006475676;0.410755
362;-0.005925;0.009457271;0.40813
361;-0.002727;0.011717868;0.405442
360;0.001271;0.012924656;0.402762
359;0.005666;0.012585374;0.400152
358;0.009995;0.01081049;0.397681
357;0.013645;0.00756341;0.395418
356;0.016195;0.002991644;0.393427
355;0.017168;-0.002341945;0.391768
354;0.016341;-0.007924244;0.390499
353;0.01362;-0.013280442;0.38966
352;0.009231;-0.017554948;0.38928
351;0.003428;-0.020310746;0.389384
350;-0.003116;-0.021217412;0.389964
349;-0.009848;-0.019876067;0.391006
348;-0.015961;-0.016429587;0.392485
347;-0.020893;-0.011171097;0.39435
346;-0.023955;-0.004418015;0.396545
345;-0.024895;0.00308972;0.399011
344;-0.023431;0.010623877;0.401667
343;-0.019702;0.017567948;0.404441
342;-0.013974;0.023148107;0.407257
341;-0.006731;0.026772838;0.410034
340;0.001378;0.02818133;0.412699
339;0.009682;0.027135449;0.415185
338;0.017354;0.023570566;0.417422
337;0.023827;0.017993728;0.419359
336;0.028416;0.010612343;0.420948
335;0.030721;-0.002133585;0.422149
334;0.030518;-0.006728795;0.422937
333;0.027775;-0.015260041;0.423298
332;0.022587;-0.022821378;0.423221
331;0.015497;-0.028541172;0.42272
330;0.006873;-0.032141364;0.421811
329;-0.002487;-0.033147834;0.42052
328;-0.011823;-0.031402032;0.418892
327;-0.020423;-0.027016194;0.416972
326;-0.027487;-0.020369727;0.414812
325;-0.032374;-0.011769449;0.412482
324;-0.034669;0.002107541;0.410043
323;-0.034076;0.007896624;0.407561
322;-0.030546;0.017496362;0.405111
321;-0.024407;0.025661656;0.402756
320;-0.016074;0.031741011;0.400562
319;-0.006196;0.035265836;0.398592
318;0.004246;0.035653057;0.396899
317;0.014479;0.033006915;0.395526
316;0.023535;0.027493495;0.394512
315;0.030563;0.019505719;0.393874
314;0.034981;0.009763543;0.393627
313;0.036401;-0.000763204;0.393767
312;0.034596;-0.011349224;0.394276
311;0.029875;-0.020863487;0.395128
310;0.022573;-0.028578495;0.396289
309;0.013364;-0.03385799;0.397712
308;0.003078;-0.036247549;0.399351
307;-0.007359;-0.035485986;0.401152
306;-0.017162;-0.031910751;0.403062
305;-0.025411;-0.0256261;0.405029
304;-0.031473;-0.017334562;0.407003
303;-0.034969;-0.007798373;0.408931
302;-0.035544;0.00232561;0.410772
301;-0.033279;0.012054633;0.412481
300;-0.028473;0.020684185;0.414024
299;-0.021442;0.027524944;0.415372
298;-0.012902;0.032152985;0.416498
297;-0.00355;0.034084628;0.417386
296;0.005889;0.033442451;0.418025
295;0.014685;0.03020213;0.418409
294;0.022065;0.024739812;0.418537
293;0.02764;0.017531365;0.418416
292;0.030944;0.009260608;0.418053
291;0.031772;-0.000436625;0.417459
290;0.030232;-0.008028983;0.41665
289;0.026492;-0.015653382;0.415641
288;0.020826;-0.021858047;0.414449
287;0.013944;-0.0261518;0.413099
286;0.006265;-0.028359225;0.411607
285;-0.001607;-0.02843062;0.410002
284;-0.0089;-0.026372743;0.408307
283;-0.015294;-0.022532862;0.406555
282;-0.020296;-0.017283557;0.404775
281;-0.02354;-0.011046466;0.403006
280;-0.025034;-0.004337568;0.401281
279;-0.024745;0.002226881;0.399639
278;-0.022731;0.00840169;0.398119
277;-0.019362;0.013608546;0.396758
276;-0.014976;0.017670427;0.395589
275;-0.009754;0.020405592;0.394645
274;-0.004324;0.021758513;0.393951
273;0.001134;0.021682366;0.39353
272;0.006316;0.020444621;0.393401
271;0.010874;0.018023835;0.393577
270;0.014666;0.014746703;0.394064
269;0.017671;0.010759669;0.394869
268;0.019574;0.006297171;0.395987
267;0.020508;-0.001502965;0.397404
266;0.020436;-0.003314229;0.399106
265;0.019225;-0.008072396;0.401061
264;0.017023;-0.012521138;0.403233
263;0.013882;-0.016418985;0.405578
262;0.009796;-0.019638363;0.408041
261;0.004947;-0.021915594;0.41056
260;-0.000358;-0.023041219;0.413081
259;-0.006147;-0.022924161;0.415531
258;-0.011834;-0.021380445;0.417848
257;-0.017207;-0.018391676;0.419976
256;-0.021934;-0.01403129;0.421854
255;-0.025546;-0.00841088;0.423428
254;-0.027675;0.001823349;0.424662
253;-0.028203;0.005408963;0.425509
252;-0.026708;0.012777214;0.425945
251;-0.023259;0.019820984;0.425948
250;-0.017939;0.025912363;0.425501
249;-0.010897;0.030591111;0.424606
248;-0.002545;0.033314932;0.423273
247;0.00647;0.033743314;0.421512
246;0.015656;0.031612599;0.419359
245;0.024208;0.026955252;0.416855
244;0.031326;0.019848903;0.414046
243;0.036412;0.010807339;0.411
242;0.038892;-0.000394426;0.407791
241;0.038187;-0.010686101;0.404493
240;0.034419;-0.02140882;0.4012
239;0.027488;-0.030842446;0.398002
238;0.017867;-0.038064271;0.394987
237;0.006334;-0.042336808;0.392253
236;-0.0062;-0.043039729;0.38988
235;-0.018773;-0.039996399;0.38794
234;-0.029958;-0.033296581;0.386505
233;-0.038888;-0.023399181;0.385617
232;-0.044625;-0.011146362;0.385302
231;-0.046419;0.002399958;0.385583
230;-0.044133;0.01602986;0.386442
229;-0.037976;0.028491999;0.387854
228;-0.02821;0.038581834;0.389779
227;-0.01597;0.045491235;0.392148
226;-0.002231;0.048473686;0.394887
225;0.011904;0.047345428;0.397918
224;0.025026;0.042205092;0.401142
223;0.036102;0.033536118;0.404469
222;0.044317;0.022024206;0.407813
221;0.048837;0.008791491;0.411078
220;0.049445;-0.005231617;0.414186
219;0.046193;-0.018778319;0.417071
218;0.03922;-0.030833487;0.419659
217;0.029232;-0.040465993;0.421904
216;0.017067;-0.046945924;0.423762
215;0.00357;-0.049799201;0.425197
214;-0.010164;-0.048841638;0.426189
213;-0.022963;-0.04419884;0.42673
212;-0.03412;-0.036211685;0.426813
211;-0.042547;-0.025526447;0.426453
210;-0.047741;-0.012983549;0.425668
209;-0.049331;0.000444216;0.424482
208;-0.047183;0.013875708;0.422937
207;-0.041382;0.026090161;0.421074
206;-0.032589;0.036291256;0.41894
205;-0.021254;0.043626073;0.416595
204;-0.008388;0.047527488;0.414094
203;0.005026;0.047778375;0.411493
202;0.017931;0.044255415;0.40886
201;0.029393;0.037304646;0.406252
200;0.038336;0.027483813;0.403725
199;0.04421;0.015586181;0.401336
198;0.046524;-0.002516324;0.399136
197;0.045004;-0.010505893;0.397163
196;0.039944;-0.02259744;0.39546
195;0.031768;-0.032693693;0.394053
194;0.021055;-0.039950247;0.392963
193;0.008903;-0.04392686;0.392205
192;-0.003778;-0.04428514;0.391784
191;-0.015948;-0.041015574;0.391696
190;-0.02658;-0.034601373;0.391935
189;-0.034801;-0.025507652;0.392484
188;-0.040202;-0.014564727;0.393322
187;-0.042152;0.002786473;0.394425
186;-0.040795;0.008948922;0.395764
185;-0.03631;0.019712832;0.397307
184;-0.029083;0.028585065;0.399021
183;-0.019796;0.035040818;0.400871
182;-0.009381;0.03867349;0.402821
181;0.001567;0.039185681;0.404836
180;0.011978;0.036801798;0.406877
179;0.021144;0.031783416;0.408908
178;0.028546;0.024525887;0.410892
177;0.033549;0.01578977;0.412792
176;0.035988;0.006246001;0.414569
175;0.035816;-0.003504042;0.416191
174;0.033139;-0.01253927;0.417621
173;0.028214;-0.020441758;0.41883
172;0.021642;-0.026647778;0.419794
171;0.013777;-0.03082206;0.42049
170;0.005321;-0.032744484;0.420898
169;-0.003143;-0.032533533;0.421012
168;-0.011102;-0.030124353;0.420822
167;-0.018081;-0.025919627;0.420325
166;-0.023578;-0.020243411;0.419526
165;-0.027481;-0.013475277;0.418434
164;-0.029517;-0.006076611;0.417061
163;-0.029646;0.001356102;0.415433
162;-0.02801;0.008584609;0.413573
161;-0.024708;0.015056264;0.411517
160;-0.019977;0.020424602;0.409309
159;-0.014181;0.024520634;0.406997
158;-0.007615;0.027057858;0.404636
157;-0.000653;0.027881354;0.40229
156;0.006277;0.027112878;0.400023
155;0.012798;0.024635022;0.397901
154;0.018607;0.020626497;0.395997
153;0.023237;0.015345919;0.394366
152;0.026504;0.009042234;0.393073
151;0.028129;-0.001942621;0.392163
150;0.027948;-0.00526175;0.39167
149;0.025927;-0.012440085;0.391619
148;0.02214;-0.018950854;0.39202
147;0.016697;-0.02433936;0.392859
146;0.009953;-0.028273282;0.394122
145;0.002279;-0.030438803;0.395771
144;-0.005839;-0.030420695;0.397756
143;-0.013872;-0.028372352;0.400026
142;-0.021179;-0.024200232;0.402514
141;-0.027299;-0.018065017;0.405144
140;-0.031682;-0.010475736;0.40785
139;-0.033923;0.001805246;0.410549
138;-0.033823;0.007376354;0.413162
137;-0.031242;0.016318347;0.415622
136;-0.026254;0.024376828;0.417852
135;-0.019217;0.031098572;0.41979
134;-0.010443;0.035581153;0.421384
133;-0.000619;0.03771192;0.422583
132;0.009605;0.037125639;0.423356
131;0.019454;0.033665291;0.423683
130;0.028188;0.027593905;0.423548
129;0.03503;0.019308524;0.422956
128;0.039442;0.009148101;0.421922
127;0.040942;-0.00189864;0.420467
126;0.039274;-0.013127872;0.418631
125;0.034514;-0.023689889;0.416464
124;0.02688;-0.032587369;0.414014
123;0.016901;-0.03904617;0.411355
122;0.005352;-0.042583995;0.408558
121;-0.006873;-0.042598099;0.405698
120;-0.018751;-0.039108102;0.402861
119;-0.029223;-0.032327362;0.40013
118;-0.037378;-0.022682557;0.397578
117;-0.042419;-0.010963914;0.395291
116;-0.043845;0.001675441;0.39333
115;-0.041499;0.014383575;0.391752
114;-0.035501;0.025796985;0.390609
113;-0.026454;0.034957743;0.389928
112;-0.015061;0.041053523;0.389723
111;-0.002467;0.043577225;0.390002
110;0.010274;0.042182864;0.390745
109;0.02197;0.037253122;0.391923
108;0.031654;0.029149464;0.3935
107;0.038444;0.018636351;0.39542
106;0.041907;0.006780535;0.397622
105;0.041776;-0.005395642;0.400045
104;0.038162;-0.016979727;0.402617
103;0.031554;-0.026767218;0.405267
102;0.022512;-0.034224861;0.40793
101;0.01189;-0.038781244;0.410536
100;0.00065;-0.040054726;0.413027
99;-0.010357;-0.038206083;0.415346
98;-0.020276;-0.033482208;0.417442
97;-0.028256;-0.026228463;0.419275
96;-0.03395;-0.017263171;0.420814
95;-0.036824;-0.007291745;0.422029
94;-0.036876;0.003002104;0.422907
93;-0.034174;0.012672586;0.423437
92;-0.029036;0.021069559;0.423616
91;-0.021885;0.027722719;0.423447
90;-0.013422;0.032045686;0.422944
89;-0.004219;0.033844043;0.422116
88;0.004962;0.033229568;0.420989
87;0.013456;0.030064063;0.419586
86;0.02066;0.024889612;0.417934
85;0.026138;0.018112011;0.416068
84;0.029446;0.010185973;0.414026
83;0.030527;-0.001816544;0.411843
82;0.029319;-0.006294157;0.409563
81;0.025989;-0.013753803;0.407229
80;0.020866;-0.019857947;0.404882
79;0.014435;-0.024235892;0.402568
78;0.007119;-0.026713689;0.400331
77;-0.000386;-0.027075249;0.398211
76;-0.007594;-0.025357288;0.396251
75;-0.013932;-0.021895335;0.394494
74;-0.018993;-0.016876979;0.392974
73;-0.02235;-0.010766353;0.39173
72;-0.023982;-0.004188401;0.390792
71;-0.023659;0.002493154;0.390186
70;-0.021594;0.008698136;0.389932
69;-0.018031;0.013916708;0.390046
68;-0.013261;0.017921169;0.390526
67;-0.007697;0.020388503;0.391374
66;-0.001923;0.021224062;0.392575
65;0.003805;0.020471386;0.394106
64;0.008916;0.018336201;0.395941
63;0.013117;0.014915867;0.398044
62;0.016199;0.010705713;0.400368
61;0.018015;0.005984485;0.402868
60;0.018438;-0.001069634;0.405491
59;0.017684;-0.003586374;0.408178
58;0.015823;-0.007718076;0.410873
57;0.012989;-0.011207775;0.41352
56;0.009617;-0.013700636;0.416056
55;0.005809;-0.015261862;0.418427
54;0.001846;-0.015853889;0.42058
53;-0.001931;-0.015450802;0.422461
52;-0.005416;-0.01422055;0.424028
51;-0.008504;-0.012305436;0.425238
50;-0.010842;-0.00977809;0.426058
49;-0.012643;-0.006861689;0.426465
48;-0.01368;-0.003739883;0.42644
47;-0.013979;0.000472999;0.425972
46;-0.013573;0.00272072;0.425073
45;-0.012566;0.005687046;0.423749
44;-0.010816;0.008418348;0.422025
43;-0.008626;0.010667853;0.41994
42;-0.005946;0.012381248;0.417532
41;-0.002863;0.013524282;0.414853
40;0.000398;0.013923313;0.41197
39;0.003722;0.013536626;0.408943
38;0.007044;0.012411426;0.405849
37;0.00997;0.010423573;0.402768
36;0.012452;0.007721969;0.399776
35;0.014281;0.004395043;0.396955
34;0.015164;-0.000577693;0.394391
33;0.015053;-0.003479898;0.392148
32;0.013914;-0.007439482;0.390297
31;0.011574;-0.01111236;0.388898
30;0.008302;-0.014103998;0.387985
29;0.004237;-0.016103942;0.387589
28;-0.000386;-0.016962609;0.387721
27;-0.0052;-0.01647798;0.388368
26;-0.009664;-0.014598019;0.38951
25;-0.013672;-0.011503992;0.391108
24;-0.016555;-0.007304861;0.393101
23;-0.018185;0.00238706;0.395433
22;-0.018394;0.002872882;0.398027
21;-0.017038;0.008028934;0.4008
20;-0.014191;0.012638415;0.403677
19;-0.010214;0.016284899;0.406577
18;-0.005234;0.018625565;0.409413
17;0.000241;0.01948551;0.412123
16;0.005689;0.018714403;0.414634
15;0.010779;0.016411776;0.416887
14;0.015001;0.012737073;0.418835
13;0.017942;0.008015388;0.420436
12;0.01944;-0.002599263;0.421658
11;0.019374;-0.002947971;0.422486
10;0.017566;-0.008292543;0.422906
9;0.014453;-0.012828344;0.422918
8;0.010122;-0.016291639;0.422536
7;0.004952;-0.018278065;0.421777
6;-0.000461;-0.018742331;0.420667
5;-0.005727;-0.017541798;0.419247
4;-0.010453;-0.014912254;0.417555
3;-0.014018;-0.011044247;0.415639
2;-0.016308;-0.006339885;0.413555
1;-0.017116;0.00124196;0.411353
0;-0.01628;0.003730738;0.409093
